Code,Site,ICD-10,Sex,Year at diagnosis,All ages,0-4 yrs.,5-9 yrs.,10-14 yrs.,15-19 yrs.,20-24 yrs.,25-29 yrs.,30-34 yrs.,35-39 yrs.,40-44 yrs.,45-49 yrs.,50-54 yrs.,55-59 yrs.,60-64 yrs.,65-69 yrs.,70-74 yrs.,75-79 yrs.,80-84 yrs.,85-89 yrs.,90-94 yrs.,95-99 yrs.,100+ yrs.
1,All cancers,C00-C96,Both,2016,783.981313,20.24576954,10.29411765,10.75639398,16.07615894,26.24390244,44.94680851,80.57316065,137.2336495,226.3845995,339.9439836,498.3803619,731.676607,1086.27451,1541.621253,2063.417927,2343.08046,2588.843853,2666.10687,2523.222749,2474.479167,2087.878788
1,All cancers,C00-C96,Both,2017,771.3865168,20.30549898,10.58644326,12.33204491,15.16010674,24.48619139,43.16375199,77.22479966,132.7920842,221.1055809,337.1960245,470.5492889,693.9278188,1048.699218,1514.09998,1958.794683,2305.637982,2522.293595,2582.268041,2449.242424,2409.677419,1907.352941
1,All cancers,C00-C96,Both,2018,775.7297755,18.51239669,10.37608486,12.24489796,16.15033012,24.37983884,44.69794344,79.36851211,130.3262706,217.1909371,331.5125181,466.7145078,689.1256045,1028.880105,1494.800897,1941.663631,2285.555556,2517.74827,2585.799659,2430.686567,2395.671982,1875.362319
1,All cancers,C00-C96,Male,2016,917.2910663,22.36220472,11.81450129,11.40630535,16.30679987,23.34704208,32.74173807,48.18231145,76.22054894,123.0800488,197.6099018,396.2953629,746.1292897,1308.833043,2036.665326,2931.092437,3391.290878,3857.442748,4138.482143,4033.597884,4051.470588,3355.555556
1,All cancers,C00-C96,Male,2017,906.4455438,21.40867489,11.82156134,12.80115067,13.70574862,21.27925117,30.64265756,45.4369469,72.12212212,119.2934783,201.6328239,370.6269822,702.879028,1262.532501,2009.064388,2764.939361,3356.943522,3764.673157,3999.914749,3925.899281,4060.869565,3022.222222
1,All cancers,C00-C96,Male,2018,908.2656179,20.41145623,10.69679849,12.83073577,15.69920844,20.58823529,32.48826291,50.16987542,73.51282051,119.0496854,197.2353062,357.0068998,693.008641,1228.472222,1973.935114,2717.782373,3311.774194,3720.692799,3979.102041,3849.223947,4002.631579,3155.555556
1,All cancers,C00-C96,Female,2016,657.5398591,18.02805281,8.697332818,10.07434944,15.83248212,29.30746069,57.71446863,113.9977604,199.950025,332.4916528,485.0119643,601.296061,717.3005811,870.1521372,1077.45098,1306.570634,1501.546961,1726.645057,1900.37123,2003.366697,2135.126582,1887.719298
1,All cancers,C00-C96,Female,2017,643.3567509,19.14893617,9.289617486,11.84012066,16.69523483,27.88620576,56.30498534,110.0943666,195.1633651,325.649281,475.5394147,571.5060389,685.0236469,840.8642911,1050.380636,1249.041495,1457.211796,1667.76148,1833.708371,1921.422451,2068.263473,1737.288136
1,All cancers,C00-C96,Female,2018,650.0654743,16.5184244,10.03952569,11.63055872,16.62608696,28.41761827,57.57675801,109.6650999,188.7424202,318.0905644,468.5971148,577.6094276,685.2296451,834.5813833,1045.843672,1253.847916,1454.934726,1680.494767,1839.973788,1907.761438,2059.22865,1683.333333
3,Oral cavity and pharynx,C00-C14,Both,2016,17.01763923,0.040290089,0.018853695,0.12697261,0.413907285,1.008130081,1.846057572,2.548911546,3.079196945,5.445748404,8.413228482,14.76654435,21.84227966,29.71813725,35.91864539,43.87149028,43.37164751,45.58965451,43.8778626,42.45091401,43.75,54.54545455
3,Oral cavity and pharynx,C00-C14,Both,2017,17.38986315,0.101832994,0.133282559,0.202466409,0.383589059,0.899165061,1.828298887,2.769576831,3.336293289,5.538494123,8.447874815,13.13143698,21.15384615,30.23196207,36.94819593,43.05071622,46.09792285,46.38201398,46.74521355,40.21464646,45.40942928,41.17647059
3,Oral cavity and pharynx,C00-C14,Both,2018,17.80644243,0.061983471,0,0.204081633,0.355510411,0.948017064,1.333547558,2.277970012,3.925646692,5.840299164,8.235050693,13.63473269,21.0560711,30.75098814,37.51467919,43.50941105,47.86435786,45.48344866,47.58110415,43.28358209,43.7357631,43.47826087
3,Oral cavity and pharynx,C00-C14,Male,2016,24.61710326,0,0.0368053,0.212539851,0.451176281,0.949066751,2.080783354,2.930005426,3.157639058,6.52173913,11.18224499,20.23689516,33.86538973,47.62378701,59.2920354,73.16719791,70.67125645,71.66030534,63.66071429,61.37566138,54.41176471,33.33333333
3,Oral cavity and pharynx,C00-C14,Male,2017,24.97445463,0.039793076,0.148698885,0.143833154,0.162390386,0.998439938,2.111145607,3.152654867,3.878878879,6.751672241,11.05296211,18.32154184,31.69572108,48.07592304,59.92915191,71.6923925,73.92026578,71.25637459,71.09974425,58.51318945,65.2173913,22.22222222
3,Oral cavity and pharynx,C00-C14,Male,2018,25.48105051,0.040338846,0,0.072490033,0.329815303,0.980392157,1.251956182,2.378255946,4.179487179,6.877847689,10.77206635,18.84368308,31.5527625,48.90491453,60.91370558,73.32644094,77.74193548,69.325433,68,58.31485588,64.47368421,33.33333333
3,Oral cavity and pharynx,C00-C14,Female,2016,9.814783556,0.082508251,0,0.037174721,0.374531835,1.070592171,1.600512164,2.155655095,2.99850075,4.340567613,5.590602567,9.250317662,9.904912837,12.34001449,14.00829563,18.32196108,21.4640884,27.87682334,33.5962877,35.94176524,41.4556962,57.89473684
3,Oral cavity and pharynx,C00-C14,Female,2017,10.19968947,0.166875261,0.117096019,0.263951735,0.617072335,0.793913331,1.531443467,2.373462968,2.778492411,4.292766688,5.789361248,7.887601676,10.66736731,12.88855193,15.42065196,17.83547683,23.61930295,29.27295918,33.88838884,33.67609254,41.31736527,44.06779661
3,Oral cavity and pharynx,C00-C14,Female,2018,10.53134292,0.084709869,0,0.342075257,0.382608696,0.913539967,1.419610432,2.173913043,3.664645399,4.773589114,5.644992682,8.369408369,10.59498956,13.07852314,15.59139785,17.0865781,23.68146214,28.89311767,36.65356051,37.74509804,39.39393939,45
4,Esophagus,C15,Both,2016,20.3611354,0,0,0,0,0.048780488,0.078222778,0.137779002,0.44340436,1.70887379,3.727243348,10.37580666,22.21338635,37.46323529,51.39159206,69.00647948,66.19157088,56.3790774,46.22900763,31.21191605,26.5625,22.72727273
4,Esophagus,C15,Both,2017,20.11191262,0,0,0,0.016677785,0,0.095389507,0.210881485,0.520106558,1.577888383,3.964897441,9.489946052,20.99578504,36.08868384,51.19935497,63.3372048,68.50148368,56.99981107,44.09425626,30.36616162,25.06203474,16.17647059
4,Esophagus,C15,Both,2018,20.49935544,0,0,0,0,0.031600569,0.032133676,0.230680507,0.480956714,1.473823141,4.231326298,9.675876091,21.0560711,36.10013175,49.37546707,64.69945355,69.09090909,59.00504956,45.16220831,34.44776119,20.72892938,13.04347826
4,Esophagus,C15,Male,2016,34.69708254,0,0,0,0,0.031635558,0.091799266,0.217037439,0.558659218,2.11296221,5.057618438,15.65020161,36.39265762,64.46877333,92.39742558,126.7458708,126.6092943,113.8835878,100.7142857,70.37037037,63.23529412,44.44444444
4,Esophagus,C15,Male,2017,34.29567756,0,0,0,0,0,0.093138777,0.276548673,0.675675676,1.839464883,5.505547415,14.95486704,34.36344427,61.83047322,91.14398833,116.1245865,130.3654485,114.9745016,95.14066496,73.86091127,63.76811594,33.33333333
4,Esophagus,C15,Male,2018,34.70226874,0,0,0,0,0.030637255,0.062597809,0.339750849,0.461538462,1.779127793,5.63178374,13.96621461,34.4069128,60.55021368,87.68483778,119.0230034,131.1612903,116.9097539,96.32653061,81.37472284,44.73684211,55.55555556
4,Esophagus,C15,Female,2016,6.773366888,0,0,0,0,0.066912011,0.064020487,0.055991041,0.324837581,1.293823038,2.371111595,5.057179161,8.135235077,11.25332045,12.95248869,18.6504928,17.70718232,17.3095624,17.91183295,17.74340309,18.67088608,19.29824561
4,Esophagus,C15,Female,2017,6.668613857,0,0,0,0.034281796,0,0.097751711,0.142979697,0.360174942,1.30929384,2.392651143,3.968449593,7.698370993,11.06899166,13.7809877,16.86483863,18.57908847,17.12372449,17.14671467,14.8243359,17.06586826,13.55932203
4,Esophagus,C15,Female,2018,7.032706321,0,0,0,0,0.032626427,0,0.117508813,0.500922752,1.159937542,2.801588961,5.339105339,7.750521921,12.29849194,13.48221671,16.53687586,18.85117493,18.68062163,17.78069026,17.15686275,15.70247934,6.666666667
5,Stomach,C16,Both,2016,106.0795853,0.221595488,0.037707391,0.018138944,0.11589404,0.357723577,1.204630788,3.210250758,5.875107772,11.61210624,19.83195088,38.63089966,78.42279655,138.2720588,213.7407552,308.5988121,376.183908,414.9005983,404.0305344,349.1536899,316.1458333,193.9393939
5,Stomach,C16,Both,2017,102.1861632,0.203665988,0.019040366,0,0.100066711,0.465639049,1.033386328,3.135104738,6.571102372,11.44763317,18.49228167,33.97498774,70.16596417,128.7069076,205.5734731,286.8370112,355.3115727,399.3576422,394.3151694,330.6186869,297.2704715,177.9411765
5,Stomach,C16,Both,2018,99.65676234,0.103305785,0,0.018552876,0.067716269,0.39500711,1.365681234,2.984429066,5.836474717,10.34975803,16.89426857,31.1804808,63.50803816,121.1067194,198.1103875,273.4547662,342.1933622,392.2199364,384.5190666,325.1940299,265.6036446,165.2173913
5,Stomach,C16,Male,2016,150.0679986,0.236220472,0.0736106,0,0.161134386,0.347991142,1.193390453,2.712967987,5.586592179,12.0073141,22.91933419,52.79737903,111.8914605,211.3958696,332.2204344,494.1176471,602.8571429,681.1068702,694.9107143,605.026455,554.4117647,333.3333333
5,Stomach,C16,Male,2017,144.8884924,0.19896538,0.037174721,0,0.032478077,0.374414977,0.745110214,3.235619469,6.181181181,11.55936455,22.33619426,44.5474506,101.2414157,195.475819,318.5246926,457.6350606,572.7906977,661.0570236,669.0537084,593.0455635,555.0724638,377.7777778
5,Stomach,C16,Male,2018,141.2354547,0.121016539,0,0.036245016,0.098944591,0.490196078,1.189358372,2.831257078,5.435897436,10.87003688,20.04915011,40.87556507,91.98743126,185.2297009,307.5700728,432.9800982,551.9032258,644.3938013,653.5510204,560.7538803,509.2105263,322.2222222
5,Stomach,C16,Female,2016,64.38688293,0.206270627,0,0.037174721,0.068096697,0.368016059,1.216389245,3.723404255,6.171914043,11.20617696,16.68479443,24.34561626,45.19281564,67.30258392,102.6772247,146.8031337,194.281768,234.0356564,252.8538283,261.1464968,264.8734177,171.9298246
5,Stomach,C16,Female,2017,61.71158014,0.208594076,0,0,0.171408982,0.562355276,1.335940046,3.031169574,6.971957808,11.33290406,14.56953642,23.2930737,39.25380977,63.8109679,99.74624244,136.4717302,179.8123324,219.3558673,249.279928,236.8466153,244.011976,147.4576271
5,Stomach,C16,Female,2018,60.24094529,0.084709869,0,0,0.034782609,0.293637847,1.551667217,3.143360752,6.248352228,9.814856123,13.67342672,21.38047138,35.12526096,58.68434737,95.55417701,132.0888685,172.4543081,216.7459562,240.5417213,238.3169935,214.600551,141.6666667
6,Colon,C18,Both,2016,82.64281156,0,0,0.108833666,0.314569536,0.715447154,1.564455569,3.072471755,6.897401158,12.67243154,22.30959819,41.57914716,67.87276342,112.1323529,161.074348,217.7780778,264.3371648,303.7830535,330.2900763,343.2633717,344.2708333,316.6666667
6,Colon,C18,Both,2017,80.46343504,0.020366599,0.038080731,0.092030186,0.200133422,0.481695568,1.383147854,3.360044988,6.710643156,12.76077518,21.67477268,40.00735655,62.80295047,104.1906959,156.2890546,204.6070461,254.5400593,293.1796713,317.466863,334.8484848,332.0099256,257.3529412
6,Colon,C18,Both,2018,80.07481632,0.041322314,0.077145612,0.222634508,0.30472321,0.521409385,1.140745501,3.200692042,6.863382296,12.10954685,21.11524933,37.55531635,64.48830218,98.35309618,150.8914274,200.8014572,249.9422799,290.1814101,315.9647126,322.7462687,339.4077449,246.3768116
6,Colon,C18,Male,2016,90.69067124,0,0,0.106269926,0.257815018,0.854160076,1.652386781,3.119913185,6.728200146,12.25111743,22.96201451,44.07762097,77.28119181,136.9246081,203.6001609,277.8035352,333.6660929,378.148855,401.25,411.1111111,425,333.3333333
6,Colon,C18,Male,2017,88.16478793,0.039793076,0.037174721,0.071916577,0.194868464,0.405616225,1.428127911,3.650442478,5.680680681,12.93896321,23.63407997,42.62015126,71.63232964,129.0171607,197.6870181,260.1157663,320.3654485,361.5669912,379.7101449,395.2038369,400,188.8888889
6,Colon,C18,Male,2018,87.66170448,0,0.037664783,0.217470098,0.329815303,0.520833333,1.03286385,3.567383918,7.282051282,12.67086136,21.9946754,38.75802998,74.96726892,120.8867521,189.516663,254.1483587,313.6129032,360.5742935,383.0204082,378.9356984,396.0526316,333.3333333
6,Colon,C18,Female,2016,75.01189252,0,0,0.111524164,0.374531835,0.568752091,1.472471191,3.023516237,7.071464268,13.10517529,21.64455079,39.05972046,58.53143159,88.07051437,121.1915535,165.4283548,208.7016575,253.2252836,293.4106729,319.9272066,326.8987342,314.0350877
6,Colon,C18,Female,2017,73.1625955,0,0.039032006,0.113122172,0.205690778,0.562355276,1.335940046,3.059765513,7.769488037,12.5778064,19.67528306,37.36751294,54.01996847,80.06065201,117.5092719,155.7388983,201.4209115,246.1415816,284.5634563,313.2819195,317.9640719,267.7966102
6,Colon,C18,Female,2018,72.88287039,0.084709869,0.118577075,0.228050171,0.27826087,0.522022838,1.254539452,2.820211516,6.432902716,11.53245594,20.21743676,36.33958634,54.04488518,76.41705668,114.7022333,153.5272561,198.4073107,241.1988582,280.078637,302.0424837,327.5482094,233.3333333
7,Rectum,C19-C20,Both,2016,41.93235802,0,0,0.018138944,0.066225166,0.325203252,1.173341677,2.659134748,6.614115039,11.85917233,19.04556717,34.25281539,54.06229291,77.53676471,97.76177501,111.7170626,109.7931034,110.2103841,104.3969466,94.58361544,79.42708333,65.15151515
7,Rectum,C19-C20,Both,2017,40.4408631,0,0,0,0.116744496,0.353243417,1.271860095,2.474342753,5.619687936,11.16170708,19.41213787,32.01324179,50.32929399,73.45892605,95.00100786,104.6844754,106.9881306,107.5004723,97.02503682,85.60606061,80.64516129,66.17647059
7,Rectum,C19-C20,Both,2018,40.33833427,0,0,0,0.11850347,0.316005688,1.044344473,2.85467128,6.070453659,11.02067752,18.00124146,30.97715584,49.15697294,72.09486166,95.24927939,104.1165756,107.6767677,104.5446045,94.28002277,85.73134328,78.81548975,57.97101449
7,Rectum,C19-C20,Male,2016,54.43933556,0,0,0.035423309,0.064453754,0.284720025,1.346389229,3.038524145,7.359727957,13.30759854,22.36448997,42.26310484,71.42857143,107.788007,141.2510056,164.3291799,155.8347676,154.1030534,153.3035714,130.4232804,120.5882353,133.3333333
7,Rectum,C19-C20,Male,2017,52.97380586,0,0,0,0.097434232,0.499219969,1.428127911,2.461283186,6.306306306,12.66722408,23.46661084,40.22932423,66.87797147,103.7181487,136.3200667,153.693495,156.013289,154.6128883,136.3171355,127.8177458,97.10144928,111.1111111
7,Rectum,C19-C20,Male,2018,52.77579146,0,0,0,0.164907652,0.582107843,1.001564945,3.397508494,7,12.34541115,21.91275855,38.0442541,65.33123854,101.9497863,138.5786802,151.5120186,156.7419355,146.9006381,130.4489796,125.9423503,102.6315789,88.88888889
7,Rectum,C19-C20,Female,2016,30.06583087,0,0,0,0.068096697,0.368016059,0.992317542,2.267637178,5.822088956,10.37145242,15.6406352,26.17534943,36.81986265,48.1767689,56.97586727,65.83270154,72.76243094,80.38897893,78.93271462,82.1656051,70.56962025,54.38596491
7,Rectum,C19-C20,Female,2017,28.55759327,0,0,0,0.137127185,0.198478333,1.107852721,2.487846726,4.913815282,9.615797381,15.27451399,23.71210254,33.86757751,44.04852161,56.29513957,61.53846154,67.39946381,75.09566327,76.19261926,70.5227078,77.24550898,59.3220339
7,Rectum,C19-C20,Female,2018,28.54832001,0,0,0,0.069565217,0.032626427,1.089468471,2.291421857,5.114684946,9.658710685,14.0079448,23.83357383,33.03757829,43.03172127,54.65260546,62.11635364,67.96344648,75.07136061,74.9235474,70.91503268,73.8292011,53.33333333
8,Liver,C22,Both,2016,33.68863889,1.047542305,0.169683258,0.145111555,0.132450331,0.325203252,0.172090113,0.606227611,1.367163444,2.42948322,5.041473662,11.59053524,23.97614314,39.75490196,60.87971974,89.26835853,118.3448276,152.6153252,147.8167939,133.9201083,117.1875,87.87878788
8,Liver,C22,Both,2017,31.09639638,1.120162933,0.076161462,0.184060372,0.066711141,0.224791265,0.206677266,0.393645438,1.129011798,2.276818808,4.683865511,10.58116724,21.45679663,37.33179546,56.21850433,78.57788102,105.1038576,136.2932175,138.6450663,122.979798,111.91067,73.52941176
8,Liver,C22,Both,2018,30.29981889,0.867768595,0.135004822,0.166975881,0.101574403,0.14220256,0.337403599,0.519031142,1.078902899,1.957765068,4.479619284,9.364908504,19.56606979,34.37417655,54.79876161,73.66120219,99.97113997,132.6912287,136.1696073,120.119403,115.9453303,102.8985507
8,Liver,C22,Male,2016,46.10951009,1.141732283,0.2944424,0.141693234,0.193361263,0.3796267,0.122399021,0.732501356,1.894583435,3.677366924,7.341015792,18.90120968,39.69140729,65.09081861,96.62107804,136.7429731,175.3872633,229.4847328,230.2678571,203.4391534,205.8823529,144.4444444
8,Liver,C22,Male,2017,43.1043711,0.915240748,0.074349442,0.21574973,0,0.249609984,0.27941633,0.470132743,1.501501502,3.407190635,6.845300398,16.83337399,34.46909667,61.57046282,89.91456553,122.3263506,161.6943522,209.0403338,213.5549872,200.9592326,173.9130435,66.66666667
8,Liver,C22,Male,2018,42.51933953,1.048810004,0.075329567,0.28996013,0.131926121,0.245098039,0.34428795,0.566251416,1.307692308,2.798871773,6.614785992,15.22721865,31.97172035,56.65064103,88.87662768,117.2395968,154.4516129,207.2470374,215.4285714,196.8957871,198.6842105,255.5555556
8,Liver,C22,Female,2016,21.90372428,0.948844884,0.038654813,0.148698885,0.068096697,0.267648043,0.224071703,0.475923852,0.824587706,1.147746244,2.697411355,4.218551461,8.372952985,15.14127022,27.37556561,47.86454385,72.54143646,100.3889789,104.7331787,109.9181074,98.10126582,78.94736842
8,Liver,C22,Female,2017,19.71376305,1.335002086,0.078064012,0.150829563,0.137127185,0.198478333,0.130335614,0.314555333,0.746076666,1.116119339,2.478102969,4.264234656,8.512874409,13.7730604,24.65352333,40.06309148,59.43699732,86.25637755,99.09990999,95.11568123,98.80239521,74.57627119
8,Liver,C22,Female,2018,18.71485573,0.67767895,0.197628458,0.038008362,0.069565217,0.032626427,0.330141961,0.470035253,0.843659373,1.093018068,2.299811834,3.439153439,7.202505219,12.68850754,22.87014061,35.04351809,55.87467363,80.81192515,93.75273045,91.74836601,98.62258953,80
9,Gallbladder and bile ducts,C23-C24,Both,2016,17.98429093,0,0,0.018138944,0.033112583,0.016260163,0.10951189,0.165334803,0.529621875,0.916203418,1.885166433,4.074402126,8.058316766,15.96813725,25.29194239,41.42818575,59.70881226,84.19224088,116.4885496,127.2850372,143.4895833,140.9090909
9,Gallbladder and bile ducts,C23-C24,Both,2017,17.88707717,0,0,0,0.016677785,0.016056519,0.047694754,0.168705188,0.329823671,0.773059409,1.797420173,3.948013732,7.560590095,14.67384339,25.46865551,37.99199897,60.77151335,83.82769696,107.3932253,127.7146465,142.1836228,133.8235294
9,Gallbladder and bile ducts,C23-C24,Both,2018,17.55810919,0,0.019286403,0,0,0.015800284,0.064267352,0.216262976,0.532952034,0.857897052,1.800124146,3.635928717,6.861848124,14.00527009,25.14145404,37.13418336,55.62770563,80.15709744,105.520774,119.1641791,149.4305239,117.3913043
9,Gallbladder and bile ducts,C23-C24,Male,2016,19.51235307,0,0,0,0.032226877,0.031635558,0.152998776,0.108518719,0.534369687,0.893945551,2.240717029,4.536290323,9.710029263,20.12938542,32.76347546,56.88206317,77.03958692,111.259542,148.6607143,148.1481481,166.1764706,177.7777778
9,Gallbladder and bile ducts,C23-C24,Male,2017,19.6010056,0,0,0,0,0,0.093138777,0.248893805,0.35035035,0.815217391,2.135231317,4.220541596,9.244585314,18.43473739,34.19462388,50.88202867,81.1627907,106.9077422,139.1304348,160.4316547,189.8550725,200
9,Gallbladder and bile ducts,C23-C24,Male,2018,19.38178509,0,0,0,0,0,0.062597809,0.198187995,0.564102564,0.954653938,2.006962933,4.116107542,7.907829275,17.89529915,33.89980137,50.29723443,75.16129032,106.74567,135.5918367,144.345898,175,100
9,Gallbladder and bile ducts,C23-C24,Female,2016,16.53290776,0,0,0.037174721,0.034048349,0,0.064020487,0.223964166,0.524737631,0.939065109,1.522732217,3.608640407,6.418383518,11.92948563,18.28808446,27.95046753,45.77348066,65.76985413,99.76798144,120.1091902,138.6075949,135.0877193
9,Gallbladder and bile ducts,C23-C24,Female,2017,16.26108745,0,0,0,0.034281796,0.033079722,0,0.085787818,0.308721379,0.729770337,1.452681051,3.67266453,5.885444036,11.01844832,17.27503416,26.64401844,44.31635389,67.95280612,90.63906391,116.0239931,132.3353293,123.7288136
9,Gallbladder and bile ducts,C23-C24,Female,2018,15.82936636,0,0.039525692,0,0,0.032626427,0.066028392,0.235017626,0.500922752,0.7584207,1.588960903,3.150553151,5.819415449,10.21840874,16.93548387,25.46953733,39.81723238,61.65556613,89.42769768,109.8856209,144.077135,120
10,Pancreas,C25,Both,2016,31.99877101,0.080580177,0.018853695,0.036277889,0.082781457,0.162601626,0.21902378,0.523560209,1.490331322,3.108914968,6.129484003,13.04567886,24.46653413,38.46813725,62.3491631,86.00161987,102.4827586,126.2497587,141.8320611,149.8984428,153.90625,119.6969697
10,Pancreas,C25,Both,2017,32.34337758,0.040733198,0.057121097,0.12884226,0.050033356,0.160565189,0.349761526,0.77323211,1.433464417,3.505241978,6.513004864,12.4448259,23.14278188,39.06189927,63.40455553,83.1720222,105.8753709,121.2733799,137.8792342,145.3914141,160.5459057,113.2352941
10,Pancreas,C25,Both,2018,33.50205231,0.041322314,0.038572806,0.092764378,0.186219739,0.316005688,0.353470437,0.792964245,1.728844404,3.574571051,7.097041175,13.51512977,23.2518625,38.95915679,60.79854809,83.84942319,106.6666667,126.6691603,145.0768355,151.3432836,172.8929385,110.1449275
10,Pancreas,C25,Male,2016,33.76614966,0.039370079,0,0.035423309,0.064453754,0.126542233,0.183598531,0.488334238,1.433082342,3.758634701,7.298335467,16.28024194,29.68874701,48.54441403,75.96540628,104.4334975,120.8605852,147.471374,154.6428571,176.984127,183.8235294,177.7777778
10,Pancreas,C25,Male,2017,34.38488363,0.039793076,0.111524164,0,0.032478077,0.124804992,0.341508848,0.497787611,1.551551552,3.950668896,7.850115135,15.68675287,28.07712625,49.24596984,79.68326735,102.5633958,123.5215947,141.9100603,154.9019608,157.793765,178.2608696,155.5555556
10,Pancreas,C25,Male,2018,35.03705389,0,0.037664783,0.036245016,0.131926121,0.183823529,0.219092332,0.70781427,1.794871795,3.840312432,8.519352857,16.20271235,28.56768788,47.40918803,74.9282719,102.4037219,125.1612903,145.5788514,162.122449,161.6407982,186.8421053,177.7777778
10,Pancreas,C25,Female,2016,30.32209554,0.123762376,0.038654813,0.037174721,0.102145046,0.200736032,0.256081946,0.559910414,1.549225387,2.441569282,4.938003045,9.783989835,19.28156366,28.68872253,49.5852187,69.90144049,87.73480663,111.8314425,135.1740139,140.5823476,147.4683544,110.5263158
10,Pancreas,C25,Female,2017,30.4069115,0.041718815,0,0.263951735,0.068563593,0.198478333,0.358422939,1.058049757,1.312065861,3.047864349,5.148472549,9.169336948,18.23436679,29.16350771,48.15537771,66.0761951,91.63538874,107.0790816,128.8928893,140.9597258,156.8862275,106.779661
10,Pancreas,C25,Female,2018,32.04387546,0.084709869,0.039525692,0.152033447,0.243478261,0.456769984,0.495212942,0.881316099,1.66095439,3.301360696,5.644992682,10.7984608,17.95407098,30.73322933,47.55996691,67.40723775,91.69712794,113.4475103,135.9545653,147.5490196,169.9724518,100
11,Larynx,C32,Both,2016,4.163613875,0,0,0,0.016556291,0,0,0.055111601,0.098534302,0.308832613,0.807928471,1.632291535,3.883366468,6.776960784,10.51965745,14.49784017,12.85823755,13.29859101,11.35877863,8.192281652,3.385416667,3.03030303
11,Larynx,C32,Both,2017,4.141082506,0.020366599,0,0,0,0,0,0.070293828,0.076113155,0.243566663,0.792979488,1.777832271,3.66174921,6.689734717,10.45152187,13.88566267,13.47181009,12.12922728,11.45802651,7.386363636,5.459057072,0
11,Larynx,C32,Both,2018,4.104616309,0,0,0,0,0.015800284,0,0.028835063,0.090991811,0.263968324,0.703496793,1.447195312,3.581231212,6.021080369,10.17401516,13.61262902,13.72294372,12.64260333,11.09846329,7.582089552,3.416856492,4.347826087
11,Larynx,C32,Male,2016,7.920215005,0,0,0,0,0,0,0.02712968,0.170026718,0.426655831,1.408450704,2.847782258,7.315775472,12.76436925,20.71600965,29.20892495,26.64371773,29.91412214,30.80357143,26.45502646,14.70588235,11.11111111
11,Larynx,C32,Male,2017,7.858243451,0.039793076,0,0,0,0,0,0.110619469,0.1001001,0.418060201,1.339752983,3.122712857,6.708927628,12.71450858,20.06668056,27.56339581,27.94019934,27.72369031,30.17902813,25.89928058,24.63768116,0
11,Larynx,C32,Male,2018,7.740687772,0,0,0,0,0.030637255,0,0.028312571,0.179487179,0.368843567,1.105877534,2.545800619,6.650955748,11.05769231,19.64246303,27.13879555,28.38709677,28.03099362,28.48979592,24.16851441,15.78947368,33.33333333
11,Larynx,C32,Female,2016,0.603065969,0,0,0,0.034048349,0,0,0.083986562,0.024987506,0.187813022,0.195779856,0.40660737,0.475435816,0.965950254,0.961538462,1.66793025,1.79558011,2.009724473,1.252900232,1.910828025,0.949367089,1.754385965
11,Larynx,C32,Female,2017,0.617976664,0,0,0,0,0,0,0.028595939,0.051453563,0.0643915,0.234992523,0.419028839,0.63058329,0.833965125,1.444466133,1.84421257,1.796246649,1.403061224,1.575157516,0.771208226,1.497005988,0
11,Larynx,C32,Female,2018,0.657823789,0,0,0,0,0,0,0.029377203,0,0.156145438,0.292703324,0.336700337,0.521920668,1.118044722,1.302729529,1.626202474,1.853785901,1.934665398,1.791175186,1.470588235,0.826446281,0
12,"Lung, trachea",C33-C34,Both,2016,98.83481837,0.080580177,0.037707391,0.054416833,0.066225166,0.43902439,0.719649562,1.915128134,4.138440695,8.98702903,16.53560271,34.44261673,67.75347913,126.6544118,211.6776956,302.7537797,334.0229885,366.4736537,389.5267176,348.9505755,332.03125,253.030303
12,"Lung, trachea",C33-C34,Both,2017,98.26685398,0.020366599,0,0.036812074,0.133422282,0.30507386,0.699523052,1.743286939,3.919827477,8.800169438,16.46225418,33.10446297,64.94994731,122.568243,209.1110663,289.9858046,337.2997033,362.9132817,366.0088365,341.2878788,309.1811414,261.7647059
12,"Lung, trachea",C33-C34,Both,2018,97.13863164,0.020661157,0.019286403,0.055658627,0.084645336,0.189603413,0.449871465,1.672433679,3.990640842,8.139023317,15.89075109,31.28812343,61.0769834,116.4822134,199.0498559,286.1202186,331.1544012,353.5253413,360.7285145,338.7462687,309.7949886,253.6231884
12,"Lung, trachea",C33-C34,Male,2016,135.6571577,0.157480315,0.0368053,0.106269926,0.096680632,0.506168934,0.550795594,1.790558871,4.444984212,9.508329947,20.03841229,42.64112903,88.77361,176.9345608,303.378922,455.491162,516.1445783,607.2041985,727.5,729.1005291,692.6470588,555.5555556
12,"Lung, trachea",C33-C34,Male,2017,134.4254318,0,0,0.071916577,0.129912309,0.343213729,0.620925179,1.493362832,3.653653654,9.301839465,18.02386435,40.22932423,84.02007396,169.9947998,301.0002084,432.2767365,518.2392027,595.2248493,677.2378517,703.8369305,679.7101449,600
12,"Lung, trachea",C33-C34,Male,2018,133.3387506,0,0,0.036245016,0.098944591,0.214460784,0.469483568,1.642129105,3.871794872,8.440008679,18.43129224,38.4487271,81.51348521,162.3931624,290.6863827,426.5443267,513.3225806,571.3764813,652.5714286,672.0620843,678.9473684,522.2222222
12,"Lung, trachea",C33-C34,Female,2016,63.88816425,0,0.038654813,0,0.034048349,0.368016059,0.896286812,2.043673012,3.823088456,8.451585977,12.96497716,26.14993647,46.85684099,77.78314417,125.6598793,169.4718221,187.679558,202.7552674,213.6426914,218.0163785,254.4303797,205.2631579
12,"Lung, trachea",C33-C34,Female,2017,63.99594165,0.041718815,0,0,0.137127185,0.264637777,0.782013685,2.001715756,4.193465397,8.285039708,14.86861782,25.90584175,45.98003153,76.4720748,123.0333789,164.7173016,191.2868633,203.125,201.710171,211.739503,232.6347305,210.1694915
12,"Lung, trachea",C33-C34,Female,2018,62.81986104,0.042354934,0.039525692,0.076016724,0.069565217,0.163132137,0.429184549,1.703877791,4.112839441,7.829578407,13.29709387,24.05002405,40.70981211,71.78887155,113.172043,161.6811727,183.7075718,201.9346654,204.4997816,215.9313725,232.5068871,213.3333333
13,Skin,C43-C44,Both,2016,19.307036,0.100725222,0.056561086,0.235806276,0.314569536,0.585365854,1.267209011,1.832460733,2.906761916,4.025118386,5.256921254,7.794508415,11.83565275,17.10784314,25.23355391,38.83639309,53.1954023,80.81451457,115.8167939,151.2525389,226.3020833,262.1212121
13,Skin,C43-C44,Both,2017,18.72287027,0.101832994,0.057121097,0.184060372,0.183455637,0.578034682,1.192368839,1.715169408,3.107953825,3.791168061,5.815182914,7.846983816,11.15648051,15.42996283,22.87845193,34.45605885,51.54302671,76.10051011,112.9013255,144.2550505,216.6253102,270.5882353
13,Skin,C43-C44,Both,2018,19.04336341,0.061983471,0.115718419,0.092764378,0.372439479,0.363406541,1.108611825,1.903114187,2.222799948,3.629564452,5.555555556,7.271857433,11.07044831,15.77075099,22.84616206,33.84335155,51.51515152,77.35178605,112.2367672,145.7910448,214.8063781,242.0289855
13,Skin,C43-C44,Male,2016,19.81348962,0.118110236,0.0368053,0.318809777,0.161134386,0.3796267,1.162790698,1.709169832,3.133349526,4.429093864,5.142979087,8.165322581,13.19499867,19.48245832,28.58004827,46.85598377,66.85025818,106.6793893,152.5,201.8518519,302.9411765,255.5555556
13,Skin,C43-C44,Male,2017,19.65615116,0.039793076,0.074349442,0.179791442,0.194868464,0.592823713,1.055572803,1.548672566,3.103103103,3.553511706,6.40569395,8.001951696,13.02165874,17.55070203,28.15169827,42.00661521,65.61461794,100.1390821,156.0954817,197.3621103,305.7971014,277.7777778
13,Skin,C43-C44,Male,2018,20.13748944,0.040338846,0.150659134,0.108735049,0.395778364,0.490196078,1.126760563,1.500566251,2.205128205,4.013885875,5.713700594,8.208422555,12.83058392,18.45619658,26.32972854,41.27681571,67.74193548,104.2388332,155.5102041,195.5654102,273.6842105,200
13,Skin,C43-C44,Female,2016,18.82701367,0.082508251,0.077309625,0.148698885,0.476676881,0.802944128,1.376440461,1.95968645,2.673663168,3.610183639,5.373069393,7.420584498,10.48600106,14.80318764,22.09653092,31.84230478,42.23756906,63.24149109,96.75174014,133.8489536,209.8101266,263.1578947
13,Skin,C43-C44,Female,2017,17.83831148,0.166875261,0.039032006,0.188536953,0.171408982,0.562355276,1.335940046,1.887331999,3.112940571,4.035200687,5.212561419,7.690411634,9.301103521,13.36871367,17.93870779,27.80878428,40.18766756,59.56632653,90.0990099,125.2784919,198.2035928,269.4915254
13,Skin,C43-C44,Female,2018,18.0061931,0.084709869,0.079051383,0.076016724,0.347826087,0.228384992,1.089468471,2.32079906,2.240970208,3.234441222,5.394104119,6.325156325,9.316283925,13.15652626,19.58229942,27.25606963,38.38120104,58.64256264,89.07820009,127.4509804,202.4793388,248.3333333
14,Breast,C50,Both,2016,75.25623754,0,0.037707391,0,0.016556291,0.617886179,4.098873592,14.53568476,37.12279837,78.1758287,118.927071,119.4103505,116.925116,128.9338235,131.7438692,132.6403888,124.5517241,118.2204208,114.5038168,123.5612729,121.875,121.2121212
14,Breast,C50,Both,2017,72.80870677,0,0,0.055218112,0.03335557,0.834938985,3.767885533,13.42612119,34.2509197,74.11839458,114.9714527,110.9980383,111.4067439,123.5422273,127.1215481,126.4550265,123.189911,115.7566597,113.814433,124.1792929,133.4987593,101.4705882
14,Breast,C50,Both,2018,74.75225991,0,0,0.037105751,0.067716269,0.442407963,4.257712082,13.50922722,33.34199922,71.77738671,111.5559694,112.3310609,113.9720298,123.7417655,132.8280132,134.3533698,129.1053391,124.2939966,119.6642003,117.1940299,130.2961276,95.65217391
14,Breast,C50,Male,2016,1.091215232,0,0.0368053,0,0,0.031635558,0.091799266,0,0.121447656,0.345388054,0.49082373,0.554435484,1.090715616,1.940781289,2.031375704,2.839756592,3.855421687,4.866412214,5,3.703703704,0,0
14,Breast,C50,Male,2017,1.05100965,0,0,0,0,0,0.031046259,0.110619469,0.1001001,0.27173913,0.460540088,0.805074408,1.082937137,1.222048882,1.896228381,2.89415656,3.986710963,3.523412146,5.456095482,5.755395683,4.347826087,0
14,Breast,C50,Male,2018,1.074237795,0,0,0,0,0.030637255,0.156494523,0.113250283,0.102564103,0.173573443,0.552938767,0.54722817,1.047394606,1.575854701,1.986316486,2.868958387,3.258064516,4.466727438,4.897959184,4.4345898,13.15789474,0
14,Breast,C50,Female,2016,145.5460586,0,0.038654813,0,0.034048349,1.237872198,8.290653009,29.53527436,75.16241879,158.1176962,239.6562976,239.2630241,231.933439,252.1854624,253.3182504,245.8175385,221.4088398,195.2350081,171.4153132,164.7861692,148.1012658,140.3508772
14,Breast,C50,Female,2017,140.8202795,0,0,0.113122172,0.068563593,1.720145551,7.689801238,27.19473835,69.35940314,149.9463404,231.8308054,222.3317722,221.1508145,242.4311347,244.4270935,235.2341665,219.383378,192.9528061,171.0171017,166.4952871,160.1796407,116.9491525
14,Breast,C50,Female,2018,144.5949069,0,0,0.076016724,0.139130435,0.88091354,8.583690987,27.40893067,67.51911416,145.3937096,224.8797826,225.3246753,226.5135699,242.6677067,255.4177006,250.8703619,230.9660574,207.6752299,181.0834426,158.7418301,154.8209366,110
16,Uterus,C53-C55,Female,2016,43.08315558,0,0,0.037174721,0.068096697,1.706256273,8.034571063,26.37178052,38.65567216,46.82804674,65.19469219,84.75222363,86.13312203,70.82830234,64.27224736,55.42077331,52.70718232,48.33063209,44.08352668,38.48953594,38.29113924,29.8245614
16,Uterus,C53-C55,Female,2017,43.32446849,0,0,0.037707391,0.102845389,1.521667218,7.852720756,25.10723477,38.64162593,47.45653574,65.13565477,84.32339167,86.20599054,72.17589083,64.92289674,56.44261102,52.35924933,45.5994898,45.22952295,43.44473008,38.62275449,30.50847458
16,Uterus,C53-C55,Female,2018,43.97097564,0,0.039525692,0,0.173913043,1.435562806,7.890392869,24.17743831,37.72739257,48.73968325,66.00459962,87.999038,89.065762,73.55694228,65.86021505,57.60421438,50.49608355,47.06628608,44.69200524,39.62418301,29.75206612,36.66666667
17,Cervix uteri,C53,Female,2016,17.31397793,0,0,0,0.034048349,0.903312145,6.177976953,19.98880179,27.81109445,27.83806344,29.19295193,25.92121982,23.4284205,22.31345086,21.09728507,18.97902451,19.36464088,17.24473258,17.86542923,16.1055505,17.72151899,12.28070175
17,Cervix uteri,C53,Female,2017,16.92825629,0,0,0,0.102845389,1.025471386,6.093189964,18.87331999,27.9392848,27.1517493,28.51954711,24.2297264,24.30373095,21.1271165,21.00331837,17.42295559,18.04289544,17.09183673,18.36183618,20.05141388,14.97005988,10.16949153
17,Cervix uteri,C53,Female,2018,16.91238773,0,0,0,0.069565217,0.717781403,5.183228788,18.12573443,26.39071975,27.79388802,29.20761029,26.43097643,23.46033403,20.02080083,22.16708023,19.65185525,17.02349869,16.65080875,17.78069026,16.42156863,12.12121212,15
18,Corpus uteri,C54,Female,2016,25.01879786,0,0,0.037174721,0.034048349,0.802944128,1.824583867,6.382978723,10.76961519,18.86477462,35.71894714,58.55146125,62.36133122,47.98357885,42.30769231,35.582512,32.12707182,28.00648298,21.71693735,15.37761601,13.29113924,10.52631579
18,Corpus uteri,C54,Female,2017,25.70905905,0,0,0.037707391,0,0.496195832,1.694362985,6.205318845,10.65088757,20.19746727,36.29566332,59.89647523,61.45559643,50.61915593,43.21686512,38.31594273,33.21715818,26.46683673,22.72727273,15.93830334,15.86826347,11.86440678
18,Corpus uteri,C54,Female,2018,26.32681672,0,0,0,0.104347826,0.685154976,2.707164081,6.051703878,11.25757975,20.92348874,36.60882291,61.18326118,65.21398747,52.83411336,43.09346567,37.05909299,31.87989556,28.22708532,22.76103102,17.32026144,9.917355372,6.666666667
19,Ovary,C56,Female,2016,20.54414044,0.041254125,0.386548125,1.672862454,3.643173306,5.587152894,9.443021767,9.994400896,13.96801599,20.70116861,29.93256472,36.82337992,36.55573164,32.31103598,32.16440422,27.7988375,24.39226519,24.4732577,25.38283063,20.92811647,25,14.03508772
19,Ovary,C56,Female,2017,20.5146731,0.208594076,0.351288056,1.73453997,3.496743229,5.557393318,8.667318345,9.808407206,13.12065861,21.46383344,30.39948729,35.76534385,35.81187599,33.5355067,31.13410111,28.60956079,25.14745308,23.4375,24.97749775,22.62210797,17.36526946,13.55932203
19,Ovary,C56,Female,2018,20.10291014,0.084709869,0.553359684,1.596351197,3.095652174,6.362153344,8.319577418,9.459459459,12.44397574,19.69663172,30.08572026,35.01683502,36.19519833,33.80135205,29.81803143,27.43930371,24.93472585,23.37456391,21.93097422,22.38562092,21.7630854,15
20,Prostate,C61,Male,2016,145.2530518,0.118110236,0,0,0.064453754,0.094906675,0.030599755,0.08138904,0.072868594,0.731409996,3.22236449,23.81552419,74.51449854,182.7320229,351.6090105,572.2399305,647.67642,626.0496183,596.25,566.1375661,579.4117647,511.1111111
20,Prostate,C61,Male,2017,147.9442057,0.119379228,0,0,0.032478077,0.062402496,0.062092518,0.055309735,0.225225225,0.731605351,4.123927151,22.95681874,74.08874802,178.4451378,353.2194207,546.3340684,651.2292359,647.1951785,622.0801364,541.9664269,613.0434783,455.5555556
20,Prostate,C61,Male,2018,149.5498277,0.040338846,0,0,0.065963061,0.091911765,0.031298905,0.056625142,0.102564103,0.759383814,3.768175302,23.2690935,75.12437811,181.383547,352.6815273,532.5407082,647.6774194,637.2379216,612.8979592,560.7538803,565.7894737,455.5555556
21,Bladder,C67,Both,2016,18.45225434,0.060435133,0.037707391,0.036277889,0,0.097560976,0.093867334,0.234224304,0.628156177,1.307391394,2.283744479,6.098949766,11.06693174,19.86519608,32.3374854,47.3812095,60.90421456,78.78787879,97.89312977,102.9113067,99.21875,93.93939394
21,Bladder,C67,Both,2017,18.1830379,0.081466395,0,0.018406037,0.03335557,0.064226076,0.12718601,0.182763953,0.54547761,1.302552155,2.400084584,5.051495831,10.15542677,19.28745354,33.42068131,44.28958575,58.51632047,75.66597393,96.05301915,98.61111111,88.58560794,70.58823529
21,Bladder,C67,Both,2018,18.37191462,0.061983471,0,0.018552876,0.016929067,0.079001422,0.064267352,0.259515571,0.467957884,1.264848218,2.576039727,4.724315273,10.01176317,18.86693017,32.84936479,42.7808136,57.69119769,75.35066392,98.4063745,95.64179104,105.9225513,76.8115942
21,Bladder,C67,Male,2016,28.68730369,0.078740157,0.0368053,0.070846617,0,0.126542233,0.183598531,0.352685838,0.80155453,1.848841934,3.158344003,9.929435484,18.30274009,34.18760886,55.79243765,82.03419299,105.7142857,143.8931298,195.5357143,235.7142857,248.5294118,233.3333333
21,Bladder,C67,Male,2017,28.04963101,0.119379228,0,0,0.064956155,0.093603744,0.217323812,0.248893805,0.825825826,1.985785953,3.663387063,7.928763113,16.56101426,32.60530421,58.09543655,75.6339581,102.5249169,134.121465,184.4842285,214.8681055,252.173913,166.6666667
21,Bladder,C67,Male,2018,28.52987064,0.080677693,0,0.036245016,0,0.091911765,0.062597809,0.36806342,0.615384615,1.757431113,3.665779234,8.018082322,16.49646504,32.07799145,56.0361951,74.69630395,101.1290323,137.0100273,191.4285714,206.2084257,285.5263158,222.2222222
21,Bladder,C67,Female,2016,8.751361886,0.041254125,0.038654813,0,0,0.066912011,0,0.111982083,0.449775112,0.751252087,1.392212312,2.236340534,3.882725832,5.964742816,10.35067873,17.15946424,24.94475138,34.55429498,47.14617169,57.23384895,67.08860759,71.92982456
21,Bladder,C67,Female,2017,8.831532182,0.041718815,0,0.037707391,0,0.033079722,0.032583904,0.114383758,0.257267816,0.600987336,1.110873745,2.144441706,3.783499737,6.343189285,10.30646106,16.69497695,23.00268097,35.45918367,49.36993699,57.06940874,54.79041916,55.93220339
21,Bladder,C67,Female,2018,8.742740059,0.042354934,0,0,0.034782609,0.065252855,0.066028392,0.146886016,0.316372265,0.7584207,1.463516621,1.394901395,3.549060543,6.00624025,11.12489661,14.4983967,22.53263708,32.4452902,48.62385321,54.90196078,68.31955923,55
22,Kidney and other urinary organs,C64-C66 C68,Both,2016,22.96644687,1.02739726,0.188536953,0.072555777,0.049668874,0.227642276,0.547559449,1.488013227,3.596502032,6.032530369,10.57847679,16.39883589,25.48707753,34.9877451,46.62319969,57.76187905,65.54789272,78.84578267,72.58015267,63.57481381,55.46875,48.48484848
22,Kidney and other urinary organs,C64-C66 C68,Both,2017,23.33906839,1.079429735,0.228484387,0.073624149,0.133422282,0.224791265,0.524642289,1.743286939,3.57731828,6.142115853,10.66821738,16.74840608,24.69704953,36.5115981,46.69421488,58.21396309,66.06824926,76.42168902,71.25184094,65.46717172,58.56079404,42.64705882
22,Kidney and other urinary organs,C64-C66 C68,Both,2018,23.5386696,0.723140496,0.154291225,0.055658627,0.152361605,0.189603413,0.626606684,1.283160323,3.522682959,6.445226573,10.27312228,14.59155603,24.28440727,34.38735178,47.71004591,57.7534912,66.29148629,78.30559192,74.58736483,67.40298507,56.03644647,40.57971014
22,Kidney and other urinary organs,C64-C66 C68,Male,2016,32.04675712,1.102362205,0.2208318,0.106269926,0.064453754,0.158177792,0.550795594,1.98046663,4.955064367,8.614384397,15.59965856,24.62197581,38.86671987,53.81935805,70.55510861,87.94552304,98.65748709,120.8969466,113.9285714,105.5555556,101.4705882,133.3333333
22,Kidney and other urinary organs,C64-C66 C68,Male,2017,32.53588517,1.19379228,0.185873606,0.107874865,0.129912309,0.343213729,0.807202732,2.184734513,4.77977978,8.821070234,15.70023027,25.2012686,36.63497095,55.38221529,70.91060638,87.04520397,99.86710963,117.3388966,114.4075021,111.2709832,113.0434783,77.77777778
22,Kidney and other urinary organs,C64-C66 C68,Male,2018,32.81707079,0.645421541,0.263653484,0.072490033,0.098944591,0.12254902,0.782472613,1.81200453,5,9.090909091,15.11365964,21.84154176,36.03037444,52.05662393,72.6991834,86.37890928,98.80645161,119.7812215,122.7755102,121.72949,115.7894737,100
22,Kidney and other urinary organs,C64-C66 C68,Female,2016,14.35849433,0.948844884,0.15461925,0.037174721,0.034048349,0.301104048,0.544174136,0.979843225,2.19890055,3.380634391,5.460082663,8.106734435,12.20285261,16.71093939,24.1892911,31.43795805,38.97790055,50.24311183,51.09048724,49.1355778,45.56962025,35.0877193
22,Kidney and other urinary organs,C64-C66 C68,Female,2017,14.62083596,0.959532749,0.273224044,0.037707391,0.137127185,0.099239166,0.228087325,1.286817272,2.341137124,3.391285684,5.533005768,8.208035494,12.82186022,18.17033106,24.00936951,32.83183693,38.79356568,48.27806122,48.42484248,49.10025707,47.30538922,37.28813559
22,Kidney and other urinary organs,C64-C66 C68,Female,2018,14.74172328,0.804743753,0.039525692,0.038008362,0.208695652,0.261011419,0.462198745,0.734430082,2.00369101,3.725184029,5.331381978,7.263107263,12.5782881,17.18668747,24.29693962,32.36371965,39.97389034,49.44497304,48.79860201,47.38562092,43.5261708,31.66666667
23,"Brain, nervous system",C70-C72,Both,2016,4.905737673,2.256244964,2.130467572,1.813894431,1.523178808,1.821138211,2.487484355,2.824469551,3.202364823,3.479514103,3.3825272,4.593192459,4.559310802,6.029411765,7.571039315,9.192764579,10.45210728,10.67361513,11.11450382,8.801624915,8.333333333,4.545454545
23,"Brain, nervous system",C70-C72,Both,2017,4.560162897,2.484725051,2.246763138,2.079882201,1.484322882,1.621708414,1.717011129,2.474342753,2.689331473,3.261675315,3.38337915,3.702795488,4.544257113,5.984877611,6.803063898,8.091366628,9.183976261,10.58001134,10.42709867,8.45959596,5.955334988,5.882352941
23,"Brain, nervous system",C70-C72,Both,2018,4.694605474,2.29338843,2.37222758,1.818181818,1.388183511,1.46942645,1.703084833,2.580738178,2.885740283,3.035635724,3.124353404,4.210022725,4.718337472,5.942028986,7.024661044,7.771706132,9.783549784,10.4918646,12.4928856,10.26865672,6.833712984,2.898550725
23,"Brain, nervous system",C70-C72,Male,2016,5.50950361,2.362204724,2.613176297,2.125398512,1.514663229,2.024675736,2.570379437,3.092783505,3.716298275,4.246241365,3.691848058,5.241935484,4.948124501,6.693207265,9.111021722,10.92436975,12.73666093,13.02480916,15.53571429,12.16931217,14.70588235,22.22222222
23,"Brain, nervous system",C70-C72,Male,2017,5.040953694,2.626343016,2.342007435,2.049622438,1.753816174,1.591263651,1.831729277,2.737831858,2.902902903,3.825250836,3.830856186,4.24493779,5.361859482,6.682267291,7.668264222,9.8676957,10.43189369,13.35187761,13.7254902,11.03117506,8.695652174,22.22222222
23,"Brain, nervous system",C70-C72,Male,2018,5.150165767,2.460669625,2.184557439,2.174700979,1.484168865,1.715686275,1.909233177,3.029445074,3.230769231,3.71013235,3.317632603,4.829883417,5.629746007,6.704059829,7.658353564,8.529335746,12.29032258,12.35186873,15.91836735,13.3037694,11.84210526,0
23,"Brain, nervous system",C70-C72,Female,2016,4.33348167,2.145214521,1.623502126,1.486988848,1.532175689,1.605888257,2.400768246,2.547592385,2.673663168,2.691986644,3.067217751,3.939008895,4.173269942,5.385172664,6.12745098,7.682587819,8.61878453,9.076175041,8.816705336,7.643312102,6.962025316,1.754385965
23,"Brain, nervous system",C70-C72,Female,2017,4.104471876,2.33625365,2.146760343,2.111613876,1.199862873,1.653986107,1.596611274,2.201887332,2.469771032,2.68297918,2.926725059,3.15504067,3.73095113,5.307050796,5.992582471,6.527541859,8.1769437,8.673469388,8.685868587,7.540702656,5.389221557,3.389830508
23,"Brain, nervous system",C70-C72,Female,2018,4.261219208,2.117746717,2.56916996,1.44431775,1.286956522,1.207177814,1.485638825,2.115158637,2.530978118,2.342181575,2.927033243,3.583453583,3.810020877,5.200208008,6.430934657,7.10032066,7.754569191,9.197589597,10.61598952,9.150326797,5.785123967,3.333333333
24,Thyroid,C73,Both,2016,14.81647798,0.080580177,0.113122172,0.362778886,1.771523179,4.390243902,6.883604506,9.823642877,13.17896293,15.35927527,16.13702467,20.15690244,21.84227966,22.70833333,25.64227326,26.03941685,24.07662835,20.98050569,17.19083969,16.45226811,14.32291667,15.15151515
24,Thyroid,C73,Both,2017,14.27714552,0.020366599,0.057121097,0.404932818,2.15143429,4.399486191,7.3290938,9.742724589,13.57351262,15.27057079,16.2190738,17.80284453,20.25816649,21.0560041,24.75307398,25.02258356,22.1958457,19.30852069,17.5257732,15.02525253,17.86600496,14.70588235
24,Thyroid,C73,Both,2018,14.73865694,0.020661157,0.057859209,0.519480519,1.845268326,4.850687312,8.001285347,10.88523645,12.88184063,14.74923009,16.66666667,20.10525057,21.27826428,20.44795784,23.64684531,26.30236794,23.98268398,21.91883299,16.84689812,14.62686567,15.9453303,13.04347826
24,Thyroid,C73,Male,2016,7.725933361,0.078740157,0.0368053,0.389656394,0.58008379,1.866497944,2.386780906,4.12371134,5.392275929,6.968711906,8.642765685,10.48387097,11.41260974,12.56531475,15.46661303,14.31469139,13.70051635,14.1221374,11.78571429,9.259259259,10.29411765,0
24,Thyroid,C73,Male,2017,7.528991971,0.039793076,0.037174721,0.251708019,0.84443001,1.840873635,2.514746973,3.567477876,5.28028028,6.626254181,8.373456144,9.514515736,10.59165346,11.46645866,14.85726193,15.60088203,14.58471761,13.21279555,10.91219096,9.832134293,8.695652174,0
24,Thyroid,C73,Male,2018,7.78456738,0,0,0.253715114,0.890501319,1.317401961,2.69170579,4.558323896,5.41025641,6.292037318,8.99037477,10.01665477,11.73081959,11.29807692,13.72765394,16.61928147,14.77419355,14.03828624,12.16326531,10.64301552,7.894736842,0
24,Thyroid,C73,Female,2016,21.53697424,0.082508251,0.193274063,0.334572491,3.03030303,7.059217129,11.58770807,15.70548712,21.1894053,23.97746244,23.7763759,29.91105464,32.19756999,32.55252355,35.18099548,36.26484711,32.40331492,25.64019449,20,18.92629663,15.18987342,17.54385965
24,Thyroid,C73,Female,2017,20.67301041,0,0.078064012,0.56561086,3.531025026,7.112140258,12.38188335,16.12810981,22.09930538,24.14681262,24.22559282,26.17697806,29.87388334,30.37654789,34.02303338,33.31715603,28.33780161,23.50127551,21.01710171,16.88089117,19.76047904,16.94915254
24,Thyroid,C73,Female,2018,21.33074517,0.042354934,0.118577075,0.798175599,2.852173913,8.613376835,13.60184879,17.45005875,20.56419721,23.44412224,24.50344972,30.3030303,30.79331942,29.35517421,32.94044665,34.88318827,31.43603133,27.40247383,19.35342945,16.09477124,17.63085399,15
25,Malignant lymphoma,C81-C85 C96,Both,2016,26.97486075,1.732473811,1.150075415,1.523671322,1.986754967,2.552845528,3.566958698,4.395150179,5.000615839,7.03108915,10.26607778,18.1323548,29.01259112,37.65931373,50.25301674,65.90172786,77.54789272,95.58000386,92.76335878,74.27217332,61.19791667,30.3030303
25,Malignant lymphoma,C81-C85 C96,Both,2017,27.28442221,1.384928717,1.428027418,1.748573532,1.884589726,2.74566474,3.322734499,4.245747223,5.327920842,7.222281055,10.40389089,16.73614517,28.97787144,38.31859541,51.6024995,65.18260421,78.87240356,92.15945589,88.27687776,78.40909091,64.76426799,47.05882353
25,Malignant lymphoma,C81-C85 C96,Both,2018,28.2989173,1.652892562,1.620057859,1.539888683,2.30235314,2.338442092,3.679305913,4.19550173,5.160535552,7.435107787,10.44899648,16.20619543,27.93098941,39.96047431,51.91630191,67.37097753,79.55266955,96.48400973,95.84519067,79.28358209,72.66514806,36.23188406
25,Malignant lymphoma,C81-C85 C96,Male,2016,29.61985558,2.086614173,1.656238498,1.771165427,2.610377054,2.752293578,3.488372093,4.503526858,5.149380617,7.59853718,10.84080239,19.53125,31.9499867,41.52774322,56.57683025,79.97681831,96.55765921,126.240458,130.4464286,105.026455,107.3529412,55.55555556
25,Malignant lymphoma,C81-C85 C96,Male,2017,30.04135918,1.870274572,1.784386617,2.22941388,2.500811952,3.088923557,3.197764669,3.788716814,6.081081081,7.838628763,10.69709022,16.83337399,31.53724247,43.29173167,58.90810586,77.01212789,100.7973422,121.1868336,123.5294118,111.9904077,108.6956522,122.2222222
25,Malignant lymphoma,C81-C85 C96,Male,2018,31.0505103,1.694231545,1.996233522,2.102210946,2.671503958,2.481617647,3.755868545,4.133635334,5.871794872,8.440008679,11.28404669,16.96407328,31.47420791,44.71153846,60.53851247,79.89144482,96.32258065,123.3819508,132.244898,115.2993348,123.6842105,66.66666667
25,Malignant lymphoma,C81-C85 C96,Female,2016,24.46790554,1.361386139,0.618477,1.26394052,1.327885598,2.341920375,3.649167734,4.28331467,4.847576212,6.448247078,9.680226235,16.72172808,26.09614369,33.9048539,44.32503771,53.62648471,62.29281768,74.74878444,73.17865429,63.69426752,51.26582278,26.31578947
25,Malignant lymphoma,C81-C85 C96,Female,2017,24.6667999,0.876095119,1.053864169,1.244343891,1.234144669,2.381739993,3.453893776,4.718329997,4.55364034,6.589396866,10.10467849,16.63790979,26.43194955,33.48496336,44.75893031,54.74399418,61.17962466,72.19387755,69.6669667,66.23821765,55.68862275,35.59322034
25,Malignant lymphoma,C81-C85 C96,Female,2018,25.6813175,1.609487505,1.225296443,0.950209046,1.913043478,2.185970636,3.598547375,4.259694477,4.429211706,6.401962971,9.59648756,15.44011544,24.39979123,35.33541342,43.8172043,56.27576729,65.97911227,77.70377418,76.27785059,65.93137255,61.98347107,31.66666667
26,Multiple myeloma,C88-C90,Both,2016,5.928324392,0,0,0,0.033112583,0.016260163,0,0.041333701,0.307919695,0.73090385,1.518905526,2.796406428,4.585818423,7.132352941,11.09381082,15.6587473,19.08045977,25.09168114,27.60305344,21.1238998,16.92708333,10.60606061
26,Multiple myeloma,C88-C90,Both,2017,6.219121431,0,0,0,0,0.032113038,0.063593005,0.140587656,0.266396042,0.773059409,1.437936139,2.99166258,4.320337197,7.509932077,11.620641,15.98915989,20.69732938,26.96013603,25.59646539,20.39141414,14.88833747,14.70588235
26,Multiple myeloma,C88-C90,Both,2018,6.14110706,0.020661157,0,0,0.033858134,0,0.08033419,0.144175317,0.324970753,0.72591289,1.44837575,2.858509748,4.757548033,7.483530962,11.46578414,15.38554948,20.17316017,24.57452777,26.23790552,17.85074627,14.35079727,11.5942029
26,Multiple myeloma,C88-C90,Male,2016,6.304439336,0,0,0,0.064453754,0,0,0.02712968,0.291474375,1.097114994,1.621852326,3.326612903,5.18754988,8.210997761,12.81174578,18.34250942,22.30636833,30.39122137,36.51785714,29.1005291,23.52941176,22.22222222
26,Multiple myeloma,C88-C90,Male,2017,6.79750223,0,0,0,0,0.031201248,0.093138777,0.165929204,0.375375375,0.919732441,1.590956667,3.708221517,4.939249868,9.100364015,13.8153782,17.80595369,24.9833887,33.79694019,35.46462063,31.89448441,24.63768116,11.11111111
26,Multiple myeloma,C88-C90,Male,2018,6.705454073,0.040338846,0,0,0.03298153,0,0.062597809,0.113250283,0.333333333,0.911260577,1.82265001,3.592671901,5.786855198,8.466880342,12.80070625,18.14422331,24.70967742,30.17319964,35.02040816,25.49889135,38.15789474,22.22222222
26,Multiple myeloma,C88-C90,Female,2016,5.571838507,0,0,0,0,0.033456005,0,0.055991041,0.324837581,0.35475793,1.41396563,2.261753494,3.988378236,6.085486597,9.483408748,13.31817033,16.49171271,21.4910859,22.96983759,18.38034577,15.50632911,8.771929825
26,Multiple myeloma,C88-C90,Female,2017,5.670935112,0,0,0,0,0.033079722,0.032583904,0.114383758,0.154360689,0.62245117,1.281777398,2.267685482,3.704676826,5.964114228,9.564708179,14.38971124,17.2386059,22.25765306,20.3870387,16.28106255,12.8742515,15.25423729
26,Multiple myeloma,C88-C90,Female,2018,5.606137635,0,0,0,0.034782609,0,0.099042588,0.17626322,0.316372265,0.535355789,1.066276396,2.116402116,3.731732777,6.52626105,10.21505376,12.94090701,16.50130548,20.67871868,21.53778943,15.03267974,9.366391185,10
27,Leukemia,C91-C95,Both,2016,10.8632113,7.735697019,4.317496229,2.829675313,3.162251656,3.495934959,3.394868586,3.596031965,4.101490331,5.198682314,5.730905957,8.174111097,9.768058317,13.51715686,17.5165434,21.07181425,25.96168582,31.09438332,33.4351145,28.36831415,23.69791667,13.63636364
27,Leukemia,C91-C95,Both,2017,10.90713936,7.33197556,4.379284082,3.423522916,2.718478986,2.825947335,3.608903021,3.331927457,4.389191932,5.18902891,5.783463734,8.398724865,10.52423604,13.91772395,16.75065511,21.20273584,25.34124629,30.53088985,31.84094256,29.48232323,24.81389578,16.17647059
27,Leukemia,C91-C95,Both,2018,11.29916247,7.210743802,4.011571842,3.766233766,3.605891315,3.254858587,3.020565553,3.705305652,3.990640842,5.169379674,6.569418581,7.881832317,10.84825513,14.3083004,17.00651222,22.46508804,25.74314574,30.93323359,32.98235629,30.74626866,24.60136674,18.84057971
27,Leukemia,C91-C95,Male,2016,13.18362853,8.779527559,4.858299595,2.975557917,4.060586529,4.239164821,4.039167687,3.960933261,4.687879524,6.013815522,6.572769953,9.097782258,11.30619846,16.27270465,23.12952534,28.6583599,36.79862306,44.94274809,51.60714286,45.76719577,35.29411765,44.44444444
27,Leukemia,C91-C95,Male,2017,13.03706107,7.719856745,5.31598513,3.847536857,2.695680416,3.307332293,3.818689848,3.705752212,4.72972973,5.560200669,6.824366757,9.563308124,12.54622293,17.62870515,21.83788289,28.55567806,34.91694352,42.88363468,46.97357204,44.60431655,33.33333333,22.22222222
27,Leukemia,C91-C95,Male,2018,13.5848014,7.664380799,4.595103578,4.240666908,4.056728232,4.166666667,3.693270736,4.161947905,4.641025641,5.988283793,7.515871391,9.279086367,13.32809636,17.73504274,21.47428824,30.36960455,34.4516129,43.02643573,49.06122449,49.22394678,46.05263158,11.11111111
27,Leukemia,C91-C95,Female,2016,8.663894302,6.641914191,3.749516815,2.676579926,2.213142663,2.709936434,2.720870679,3.219484882,3.498250875,4.361435726,4.872743093,7.242693774,8.24088748,10.8427916,12.25490196,14.4553955,17.26519337,21.68557536,23.99071926,22.38398544,21.20253165,8.771929825
27,Leukemia,C91-C95,Female,2017,8.888410632,6.925323321,3.395784543,2.978883861,2.742543709,2.315580549,3.388725969,2.945381756,4.039104708,4.807898691,4.721213416,7.222085285,8.512874409,10.31084155,11.98516494,14.7294346,17.61394102,22.03443878,23.85238524,24.07883462,23.05389222,15.25423729
27,Leukemia,C91-C95,Female,2018,9.132504506,6.734434562,3.399209486,3.268719118,3.130434783,2.283849918,2.310993727,3.231492362,3.321908779,4.327459291,5.603177922,6.469456469,8.376826722,10.9724389,12.82051282,15.46037563,18.69451697,22.5182366,24.3774574,23.9379085,20.11019284,20
67,Colon/rectum,C18-C20,Both,2016,124.5751696,0,0,0.12697261,0.380794702,1.040650407,2.737797247,5.731606503,13.5115162,24.53160387,41.35516536,75.83196255,121.9350563,189.6691176,258.836123,329.4951404,374.1302682,413.9934376,434.6870229,437.8469871,423.6979167,381.8181818
67,Colon/rectum,C18-C20,Both,2017,120.9042981,0.020366599,0.038080731,0.092030186,0.316877919,0.834938985,2.655007949,5.834387741,12.33033109,23.92248226,41.08691055,72.02059833,113.1322445,177.6496219,251.2900625,309.2915215,361.5281899,400.6801436,414.4918999,420.4545455,412.6550868,323.5294118
67,Colon/rectum,C18-C20,Both,2018,120.4131506,0.041322314,0.077145612,0.222634508,0.42322668,0.837415073,2.185089974,6.055363322,12.93383595,23.13022437,39.11649079,68.53247219,113.6452751,170.4479578,246.1407067,304.9180328,357.6190476,394.7260146,410.2447353,408.4776119,418.2232346,304.3478261
67,Colon/rectum,C18-C20,Male,2016,145.1300068,0,0,0.141693234,0.322268772,1.138880101,2.99877601,6.15843733,14.0879281,25.55871597,45.32650448,86.34072581,148.7097632,244.7126151,344.8511665,442.1327152,489.5008606,532.2519084,554.5535714,541.5343915,545.5882353,466.6666667
67,Colon/rectum,C18-C20,Male,2017,141.1385938,0.039793076,0.037174721,0.071916577,0.292302696,0.904836193,2.856255821,6.111725664,11.98698699,25.60618729,47.10069081,82.84947548,138.5103011,232.7353094,334.0070848,413.8092613,476.3787375,516.1798795,516.0272805,523.0215827,497.1014493,300
67,Colon/rectum,C18-C20,Male,2018,140.4374959,0,0.037664783,0.217470098,0.494722955,1.102941176,2.034428795,6.964892412,14.28205128,25.01627251,43.90743395,76.80228408,140.2985075,222.8365385,328.0953432,405.6603774,470.3548387,507.4749316,513.4693878,504.8780488,498.6842105,422.2222222
67,Colon/rectum,C18-C20,Female,2016,105.0777234,0,0,0.111524164,0.442628533,0.93676815,2.464788732,5.291153415,12.89355322,23.47662771,37.28518599,65.23506989,95.35129424,136.2472833,178.1674208,231.2610564,281.4640884,333.6142626,372.3433875,402.0928116,397.4683544,368.4210526
67,Colon/rectum,C18-C20,Female,2017,101.7201888,0,0.039032006,0.113122172,0.342817964,0.760833609,2.443792766,5.547612239,12.68330332,22.19360378,34.94979705,61.07961548,87.88754598,124.1091736,173.8044115,217.2773599,268.8203753,321.2372449,360.7560756,383.8046272,395.2095808,327.1186441
67,Colon/rectum,C18-C20,Female,2018,101.4311904,0.084709869,0.118577075,0.228050171,0.347826087,0.554649266,2.344007923,5.111633373,11.54758766,21.19116663,34.22538156,60.17316017,87.08246347,119.448778,169.3548387,215.6436097,266.3707572,316.2702188,355.0021844,372.9575163,401.3774105,286.6666667
101,All cancers (including cis),C00-C96 D00-D09,Both,2016,876.0133299,20.28605963,10.29411765,10.79267187,16.52317881,35.18699187,81.41426783,145.8115183,209.4100259,303.9633519,418.3669072,578.8814374,825.593108,1215.073529,1703.201635,2275.526458,2564.183908,2793.842887,2826.656489,2629.99323,2553.645833,2137.878788
101,All cancers (including cis),C00-C96 D00-D09,Both,2017,862.8478525,20.40733198,10.68164509,12.44248113,15.86057372,33.92742453,81.81240064,142.8230001,206.4188761,298.104416,414.125608,548.5532124,786.0115911,1173.894656,1676.567224,2159.594786,2526.810089,2726.884565,2735.110457,2560.227273,2477.915633,1955.882353
101,All cancers (including cis),C00-C96 D00-D09,Both,2018,869.2960464,18.53305785,10.37608486,12.28200371,16.7259184,32.84879128,84.73650386,147.4625144,205.9274665,297.316322,409.1454583,543.9062313,780.6038426,1154.018445,1659.741646,2145.853066,2511.645022,2729.661492,2746.300512,2532.776119,2469.248292,1914.492754
101,All cancers (including cis),C00-C96 D00-D09,Male,2016,1005.590454,22.4015748,11.81450129,11.44172866,16.50016113,23.97975324,33.87392901,51.32935431,85.15909643,141.1418123,229.1506615,455.3175403,843.3625964,1462.030356,2243.664521,3216.63286,3702.168675,4165.458015,4405.803571,4228.306878,4201.470588,3388.888889
101,All cancers (including cis),C00-C96 D00-D09,Male,2017,994.5211256,21.52805412,11.9330855,12.94498382,14.12796362,21.99687988,31.94660043,48.20243363,80.38038038,135.409699,231.8610006,426.7382288,797.7020602,1411.934477,2218.441342,3037.210584,3673.056478,4071.766342,4253.196931,4122.302158,4169.565217,3066.666667
101,All cancers (including cis),C00-C96 D00-D09,Male,2018,997.5898719,20.41145623,10.69679849,12.90322581,15.99604222,21.47671569,33.36463224,53.34088335,82.20512821,136.9277501,225.0460782,411.6345468,782.8750982,1374.519231,2183.668064,2992.194365,3628.064516,4037.967183,4242.367347,4039.24612,4123.684211,3222.222222
101,All cancers (including cis),C00-C96 D00-D09,Female,2016,753.1097028,18.06930693,8.697332818,10.11152416,16.54749745,47.03914353,131.1459667,243.3090705,337.1814093,471.2020033,611.2247118,703.4561626,807.9239303,975.2716735,1196.455505,1454.637352,1650.607735,1861.65316,2005.429234,2079.89081,2199.050633,1940.350877
101,All cancers (including cis),C00-C96 D00-D09,Female,2017,738.0255492,19.2323738,9.367681499,11.91553544,17.68940692,46.57624876,134.1479309,240.6634258,335.9917674,465.1641983,600.1281777,671.6292827,774.3825539,942.5322214,1168.904939,1386.92065,1601.742627,1801.84949,1933.528353,2001.885176,2128.143713,1786.440678
101,All cancers (including cis),C00-C96 D00-D09,Female,2018,747.6529402,16.56077933,10.03952569,11.63055872,17.49565217,44.95921697,138.9237372,245.1233843,333.1399947,462.2128039,597.0938741,677.6094276,778.3141962,939.3655746,1168.817204,1395.80852,1608.015666,1819.092927,1945.478375,1977.45098,2122.865014,1718.333333
104,Esophagus (including cis),C15 D001,Both,2016,22.5189667,0,0,0,0,0.048780488,0.10951189,0.151556903,0.504988299,1.925056619,4.115049014,11.33746678,24.28098078,40.99264706,56.96769171,77.38930886,74.45210728,62.0343563,49.61832061,32.22748815,27.08333333,22.72727273
104,Esophagus (including cis),C15 D001,Both,2017,22.38489101,0,0,0,0.016677785,0.016056519,0.111287758,0.22494025,0.634276291,1.768505771,4.324381476,10.43403629,23.05057956,40.22811739,56.94416448,71.71247903,77.03264095,63.1588891,47.45213549,31.81818182,25.80645161,16.17647059
104,Esophagus (including cis),C15 D001,Both,2018,22.65605846,0,0,0,0,0.031600569,0.032133676,0.230680507,0.584947355,1.693796744,4.6348024,10.58485827,23.2518625,39.48616601,54.68132807,71.83970856,77.11399711,65.85000935,48.86169607,35.58208955,21.41230068,13.04347826
104,Esophagus (including cis),C15 D001,Male,2016,38.27186478,0,0,0,0,0.031635558,0.152998776,0.217037439,0.631527812,2.377082487,5.527102006,17.06149194,39.53179037,70.34088082,101.9308126,141.4662417,141.9621343,124.8568702,108.5714286,73.01587302,66.17647059,44.44444444
104,Esophagus (including cis),C15 D001,Male,2017,38.05368583,0,0,0,0,0.031201248,0.124185036,0.30420354,0.775775776,2.069397993,6.049822064,16.27226153,37.69149498,68.46073843,101.0418837,130.1819184,146.2458472,127.3528048,103.0690537,76.97841727,66.66666667,33.33333333
104,Esophagus (including cis),C15 D001,Male,2018,38.22401352,0,0,0,0,0.030637255,0.062597809,0.339750849,0.564102564,1.974397917,6.143764079,15.15584107,37.57528149,66.26602564,96.71154271,131.3000775,146.0967742,130.1731996,103.6734694,84.4789357,47.36842105,55.55555556
104,Esophagus (including cis),C15 D001,Female,2016,7.58819648,0,0,0,0,0.066912011,0.064020487,0.083986562,0.374812594,1.460767947,2.675658038,5.565438374,9.138932911,12.50905578,14.81900452,21.50619156,20.27624309,19.35170178,18.97911833,18.19836215,18.67088608,19.29824561
104,Esophagus (including cis),C15 D001,Female,2017,7.534088638,0,0,0,0.034281796,0,0.097751711,0.142979697,0.48880885,1.459540674,2.563554796,4.535370964,8.486600105,12.78746525,15.6353699,20.23780636,21.17962466,19.00510204,18.09180918,15.68123393,17.36526946,13.55932203
104,Esophagus (including cis),C15 D001,Female,2018,7.895426045,0,0,0,0,0.032626427,0,0.117508813,0.606380174,1.405308945,3.094292285,5.964405964,8.977035491,13.41653666,15.3019024,19.12505726,21.27937337,21.05930859,19.52817824,17.56535948,15.97796143,6.666666667
106,Colon (including cis),C18 D010,Both,2016,107.511837,0,0,0.108833666,0.331125828,0.829268293,1.799123905,4.133370074,10.3830521,20.26971382,34.77324141,63.54548905,100.0530152,159.4730392,219.0541067,293.6015119,342.0076628,366.2613395,365.740458,356.6012187,349.7395833,319.6969697
106,Colon (including cis),C18 D010,Both,2017,104.4173125,0.020366599,0.057121097,0.092030186,0.300200133,0.690430315,1.748807631,4.273864755,10.24990486,19.53828233,32.92450835,59.75968612,93.41412013,148.4685377,213.7069139,274.2934572,330.0593472,354.9027017,352.5773196,348.2954545,334.7394541,257.3529412
106,Colon (including cis),C18 D010,Both,2018,103.9891493,0.041322314,0.077145612,0.241187384,0.355510411,0.679412229,1.365681234,4.209919262,9.762121409,19.13770348,31.6883923,57.02667145,93.12508169,140.3293808,207.8360201,271.3418336,325.0793651,353.4131289,352.9880478,335.1641791,341.9134396,246.3768116
106,Colon (including cis),C18 D010,Male,2016,123.0968494,0,0,0.106269926,0.290041895,0.917431193,1.835985312,4.15084102,10.54165655,20.82486794,37.70806658,71.64818548,120.2979516,202.3140085,283.3467418,383.4830484,440.6884682,468.6068702,458.9285714,435.1851852,432.3529412,333.3333333
106,Colon (including cis),C18 D010,Male,2017,119.818344,0.039793076,0.074349442,0.071916577,0.259824618,0.592823713,1.893821794,4.397123894,9.459459459,20.58946488,37.82708813,67.79702366,112.308505,190.925637,278.683059,357.1940463,427.2757475,450.9503941,436.6581415,417.7458034,400,188.8888889
106,Colon (including cis),C18 D010,Male,2018,119.4874212,0,0.037664783,0.253715114,0.362796834,0.704656863,1.220657277,4.69988675,10.64102564,20.72032979,34.67130862,64.16845111,112.8829537,179.8344017,269.4990068,355.0012923,420.3870968,452.6435734,441.7142857,402.2172949,402.6315789,333.3333333
106,Colon (including cis),C18 D010,Female,2016,92.73712155,0,0,0.111524164,0.374531835,0.736032118,1.76056338,4.115341545,10.21989005,19.69949917,31.78159669,55.37484117,79.95245642,117.8942284,158.7669683,215.2135456,262.8176796,296.6936791,317.3085847,329.5723385,331.9620253,317.5438596
106,Colon (including cis),C18 D010,Female,2017,89.81722033,0,0.039032006,0.113122172,0.342817964,0.793913331,1.596611274,4.14641121,11.06251608,18.45889676,27.92138432,51.63914222,74.6190226,107.2024261,152.8401327,201.3103616,251.5817694,288.8392857,308.1458146,323.479006,321.257485,267.7966102
106,Colon (including cis),C18 D010,Female,2018,89.29765371,0.084709869,0.118577075,0.228050171,0.347826087,0.652528548,1.518653021,3.701527615,8.858423412,17.51059558,28.64311102,49.80759981,73.434238,101.8720749,150.0620347,197.2056803,247.9373368,284.3640977,305.5045872,310.4575163,329.2011019,233.3333333
107,Rectum (including cis),C19-C20 D011-D012,Both,2016,51.19078569,0,0,0.018138944,0.082781457,0.37398374,1.251564456,3.086249656,7.944328119,14.67984352,24.06549607,44.12248513,67.7269715,95.96813725,119.9591281,139.1063715,134.8812261,131.2294924,117.740458,99.11983751,81.77083333,65.15151515
107,Rectum (including cis),C19-C20 D011-D012,Both,2017,49.63064101,0,0.019040366,0,0.150100067,0.417469493,1.399046105,2.924223253,6.913611569,13.85153023,24.39204906,41.29475233,64.02792413,92.32346533,116.7909696,130.1587302,132.8486647,127.8292084,110.2209131,91.3510101,82.382134,66.17647059
107,Rectum (including cis),C19-C20 D011-D012,Both,2018,49.36058145,0,0,0.018552876,0.11850347,0.410807395,1.188946015,3.344867359,7.318341349,13.81434228,22.69811711,39.27759837,61.678212,89.71014493,117.2734066,128.9131755,132.2510823,127.0057976,107.1997723,91.1641791,81.09339408,59.42028986
107,Rectum (including cis),C19-C20 D011-D012,Male,2016,66.86850371,0,0,0.035423309,0.096680632,0.316355584,1.407588739,3.526858383,9.035705611,16.74116213,28.85189927,55.44354839,90.18355946,133.9636726,172.9082864,202.6079397,192.151463,184.1603053,173.3928571,136.7724868,126.4705882,133.3333333
107,Rectum (including cis),C19-C20 D011-D012,Male,2017,65.6167383,0,0,0,0.162390386,0.561622465,1.521266687,2.959070796,7.907907908,16.0326087,29.93510571,52.79336424,85.47279451,130.4732189,168.6809752,190.9592062,193.8538206,185.2573018,156.7774936,137.4100719,101.4492754,111.1111111
107,Rectum (including cis),C19-C20 D011-D012,Male,2018,64.9466944,0,0,0.036245016,0.164907652,0.704656863,1.189358372,3.935447339,8.794871795,15.90366674,27.708376,48.75089222,82.58706468,126.9497863,170.0066211,187.1543034,192.8064516,179.7174111,148.4897959,132.8159645,107.8947368,88.88888889
107,Rectum (including cis),C19-C20 D011-D012,Female,2016,36.31899581,0,0,0,0.068096697,0.43492807,1.088348271,2.631578947,6.796601699,12.56260434,19.16467261,32.7064803,45.43053354,59.09200676,70.30542986,83.72504423,88.83977901,95.26742301,88.77030162,86.07825296,72.15189873,54.38596491
107,Rectum (including cis),C19-C20 D011-D012,Female,2017,34.47448925,0,0.039032006,0,0.137127185,0.264637777,1.270772239,2.888189877,5.891432982,11.61193389,18.73531297,29.67710131,42.69574356,55.24387162,68.18270545,76.63188546,83.5924933,88.32908163,85.55355536,74.89288775,78.44311377,59.3220339
107,Rectum (including cis),C19-C20 D011-D012,Female,2018,34.5858175,0,0,0,0.069565217,0.097879282,1.18851106,2.732079906,5.800158186,11.66629489,17.58310684,29.7017797,40.84029228,53.45813833,67.86600496,77.30187815,83.23759791,90.32667301,85.10266492,75.81699346,75.48209366,55
112,"Lung, trachea (including cis)",C33-C34 D021-D022,Both,2016,99.11213002,0.080580177,0.037707391,0.054416833,0.066225166,0.43902439,0.719649562,1.915128134,4.175391058,8.997323451,16.60023699,34.60711122,68.0980782,127.1446078,212.4854029,303.6852052,334.8505747,367.0912951,390.1374046,349.2213947,332.2916667,253.030303
112,"Lung, trachea (including cis)",C33-C34 D021-D022,Both,2017,98.46258267,0.020366599,0,0.036812074,0.133422282,0.30507386,0.699523052,1.743286939,3.932513003,8.831939002,16.49397336,33.15350662,65.12118019,122.9527105,209.5847611,290.8246225,337.8635015,363.4422823,366.3917526,341.4772727,309.1811414,261.7647059
112,"Lung, trachea (including cis)",C33-C34 D021-D022,Both,2018,99.36176775,0.020661157,0.019286403,0.055658627,0.152361605,0.205403697,0.530205656,1.93194925,4.419602236,8.754949406,16.85288641,32.78315991,63.84786302,120.5665349,205.1884275,293.5519126,338.4848485,357.3592669,361.9806488,339.2238806,310.2505695,253.6231884
112,"Lung, trachea (including cis)",C33-C34 D021-D022,Male,2016,135.9016287,0.157480315,0.0368053,0.106269926,0.096680632,0.506168934,0.550795594,1.790558871,4.444984212,9.508329947,20.03841229,42.69153226,89.06624102,177.4570789,304.0225261,456.3314981,517.0740103,607.9675573,728.4821429,729.6296296,692.6470588,555.5555556
112,"Lung, trachea (including cis)",C33-C34 D021-D022,Male,2017,134.6330387,0,0,0.071916577,0.129912309,0.343213729,0.620925179,1.493362832,3.678678679,9.301839465,18.04479799,40.25372042,84.15213946,170.4888196,301.6253386,433.1036384,518.9036545,595.7811776,677.8346121,704.3165468,679.7101449,600
112,"Lung, trachea (including cis)",C33-C34 D021-D022,Male,2018,135.1703179,0,0,0.036245016,0.164907652,0.245098039,0.532081377,1.81200453,4.153846154,8.852245606,18.86135572,39.25767309,83.3987955,165.5181624,296.1597881,433.2385629,520.6774194,575.159526,654.0408163,672.9490022,681.5789474,522.2222222
112,"Lung, trachea (including cis)",C33-C34 D021-D022,Female,2016,64.19660257,0,0.038654813,0,0.034048349,0.368016059,0.896286812,2.043673012,3.898050975,8.47245409,13.09549706,26.42947903,47.25303751,78.24197054,126.6214178,170.4826889,188.4254144,203.273906,214.0603248,218.1983621,254.7468354,205.2631579
112,"Lung, trachea (including cis)",C33-C34 D021-D022,Female,2017,64.18041229,0.041718815,0,0,0.137127185,0.264637777,0.782013685,2.001715756,4.193465397,8.349431208,14.91134373,25.97978802,46.19022596,76.75006318,123.3652157,165.56661,191.769437,203.6352041,201.980198,211.8251928,232.6347305,210.1694915
112,"Lung, trachea (including cis)",C33-C34 D021-D022,Female,2018,65.4141825,0.042354934,0.039525692,0.076016724,0.139130435,0.163132137,0.528227138,2.05640423,4.69285526,8.654918581,14.80242526,26.23857624,44.36325678,76.80707228,119.9338296,169.7663765,191.0182768,205.8039962,205.6356488,216.2581699,232.5068871,213.3333333
113,Skin (including cis),C43-C44 D030-D049,Both,2016,24.55468633,0.120870266,0.056561086,0.235806276,0.331125828,0.666666667,1.408010013,2.21824194,3.621135608,4.786905497,6.183345901,9.19903834,14.12856196,20.47794118,32.01634877,50.98542117,70.95785441,104.806022,148.9160305,189.8442789,269.0104167,296.969697
113,Skin (including cis),C43-C44 D030-D049,Both,2017,23.62240146,0.122199593,0.057121097,0.220872446,0.233488993,0.658317277,1.399046105,2.165049909,3.602689331,4.468918776,6.703319941,9.220205983,13.22444679,18.62104319,28.51239669,44.75416183,68.1305638,99.84885698,141.3549337,181.1868687,251.8610422,302.9411765
113,Skin (including cis),C43-C44 D030-D049,Both,2018,23.99895605,0.061983471,0.115718419,0.092764378,0.406297613,0.489808817,1.253213368,2.220299885,2.898739113,4.267487901,6.621146286,8.467886616,13.08325709,19.15678524,28.65378456,43.02367942,67.96536797,101.1408266,141.5196357,178.9850746,256.9476082,269.5652174
113,Skin (including cis),C43-C44 D030-D049,Male,2016,24.54748567,0.118110236,0.0368053,0.318809777,0.193361263,0.506168934,1.285189718,1.98046663,3.716298275,5.058919139,5.911224925,9.425403226,15.85528066,22.7170938,34.91552695,59.95363663,86.67814114,133.3492366,190.0892857,247.6190476,355.8823529,277.7777778
113,Skin (including cis),C43-C44 D030-D049,Male,2017,24.10834482,0.039793076,0.074349442,0.21574973,0.259824618,0.655226209,1.210804098,1.880530973,3.478478478,4.076086957,7.117437722,9.148572823,15.31959852,20.93083723,34.09043551,52.86659316,84.71760797,126.7037552,187.7237852,237.1702638,333.3333333,300
113,Skin (including cis),C43-C44 D030-D049,Male,2018,24.76922577,0.040338846,0.150659134,0.108735049,0.428759894,0.582107843,1.220657277,1.783691959,2.974358974,4.686482968,6.696702847,9.350463954,14.89918827,21.8482906,32.31074818,50.84001034,86.16129032,132.4065634,189.6326531,236.5853659,318.4210526,233.3333333
113,Skin (including cis),C43-C44 D030-D049,Female,2016,24.56151119,0.123762376,0.077309625,0.148698885,0.476676881,0.836400134,1.536491677,2.463605823,3.523238381,4.507512521,6.460735262,8.970775095,12.41415742,18.3047573,29.29864253,43.16401314,58.34254144,85.41329011,127.5174014,169.9727025,250.3164557,300
113,Skin (including cis),C43-C44 D030-D049,Female,2017,23.16182687,0.208594076,0.039032006,0.226244344,0.205690778,0.661594443,1.596611274,2.459250786,3.730383329,4.872290191,6.28070925,9.292580725,11.14030478,16.37604246,23.28713644,37.61223004,54.74530831,81.37755102,116.8766877,161.1825193,235.0299401,303.3898305
113,Skin (including cis),C43-C44 D030-D049,Female,2018,23.26878341,0.084709869,0.079051383,0.076016724,0.382608696,0.391517129,1.287553648,2.673325499,2.820986027,3.836716484,6.544010036,7.575757576,11.27348643,16.53666147,25.22746071,36.09711406,53.23759791,79.38471297,115.7710791,157.7614379,244.077135,275
114,Breast (including cis),C50 D05,Both,2016,84.79276469,0,0.037707391,0,0.033112583,0.764227642,4.849812265,17.34637641,43.21960833,94.18365246,140.8811807,137.681893,131.0271703,144.0318627,145.640327,147.3407127,136.5670498,126.925304,119.9389313,128.5037238,124.7395833,122.7272727
114,Breast (including cis),C50 D05,Both,2017,82.37889287,0,0,0.055218112,0.03335557,0.963391137,4.515103339,15.63334739,40.50488393,89.73843058,136.6039332,129.2667974,124.6311907,138.2801487,142.521669,140.6245967,135,125.6754204,119.9116348,129.3560606,137.2208437,108.8235294
114,Breast (including cis),C50 D05,Both,2018,84.29331794,0,0,0.037105751,0.101574403,0.711012798,4.996786632,15.93137255,39.41245288,87.07655081,131.3987172,129.9007296,128.2969546,138.8669302,147.3043664,149.0953248,142.2366522,134.486628,126.5224815,120.8358209,133.0296128,100
114,Breast (including cis),C50 D05,Male,2016,1.160832821,0,0.0368053,0,0,0.031635558,0.091799266,0,0.121447656,0.345388054,0.576184379,0.554435484,1.197126895,2.065190346,2.19227675,3.071573457,4.165232358,5.009541985,5.089285714,3.968253968,0,0
114,Breast (including cis),C50 D05,Male,2017,1.141837645,0,0,0,0,0,0.031046259,0.138274336,0.1001001,0.313545151,0.502407369,0.902659185,1.267828843,1.378055122,2.104605126,3.114663727,4.15282392,3.755215577,5.541346974,6.954436451,4.347826087,0
114,Breast (including cis),C50 D05,Male,2018,1.176623545,0,0,0,0,0.030637255,0.156494523,0.141562854,0.128205128,0.216966804,0.593897194,0.689983345,1.204503797,1.762820513,2.162877952,3.179116051,3.451612903,4.785779398,5.224489796,4.4345898,13.15789474,11.11111111
114,Breast (including cis),C50 D05,Female,2016,164.0554268,0,0.038654813,0,0.068096697,1.538976246,9.827144686,35.24636058,87.53123438,190.5676127,283.9025451,275.9593393,259.9313259,281.8159865,280.0904977,273.1362143,242.8176796,209.7568882,179.6287703,171.3375796,151.5822785,142.1052632
114,Breast (including cis),C50 D05,Female,2017,159.374952,0,0,0.113122172,0.068563593,1.984783328,9.221244705,31.65570489,82.04270646,181.5625671,275.4966887,258.9598225,247.3462953,271.3419257,274.058169,261.6840573,240.5898123,209.5344388,180.2880288,173.0934019,164.6706587,125.4237288
114,Breast (including cis),C50 D05,Female,2018,163.0832987,0,0,0.076016724,0.208695652,1.435562806,10.10234401,32.31492362,79.80490377,176.3774258,264.9383232,260.5098605,254.9582463,272.3348934,283.2919768,278.4012826,254.5691906,224.7383444,191.4373089,163.7254902,158.1267218,113.3333333
116,Uterus (including cis),C53-C55 D06,Female,2016,78.19448494,0,0,0.037174721,0.680966973,18.56808297,78.61715749,146.8365062,156.5717141,139.7954925,127.27866,117.3316391,104.3845747,84.59309346,74.9811463,63.8109679,58.89502762,52.09076175,45.47563805,39.30846224,38.60759494,29.8245614
116,Uterus (including cis),C53-C55 D06,Female,2017,78.84736591,0,0,0.075414781,0.857044909,19.12007939,82.63277941,147.6980269,159.6346797,143.2281605,128.0281991,117.7964013,105.7540725,86.15112459,75.36599649,64.30478039,57.88203753,48.69260204,46.80468047,44.30162811,38.62275449,30.50847458
116,Uterus (including cis),C53-C55 D06,Female,2018,80.64118562,0.042354934,0.039525692,0,0.730434783,16.73735726,86.16705183,150.9106933,163.6962826,149.275039,135.3961949,122.2943723,108.8987474,88.58554342,76.63358147,65.55199267,56.97127937,50.33301618,46.26474443,40.19607843,30.3030303,36.66666667
117,Cervix uteri (including cis),C53 D06,Female,2016,52.42530729,0,0,0,0.646918624,17.76513884,76.76056338,140.4535274,145.7271364,120.8055092,91.27691973,58.50063532,41.67987322,36.07824197,31.80618401,27.36921911,25.55248619,21.00486224,19.2575406,16.9244768,18.03797468,12.28070175
117,Cervix uteri (including cis),C53 D06,Female,2017,52.45115371,0,0,0.037707391,0.857044909,18.62388356,80.87324862,141.4641121,148.9323386,122.9233741,91.41209143,57.70273601,43.85181293,35.10235027,31.44641811,25.28512497,23.56568365,20.18494898,19.9369937,20.90831191,14.97005988,10.16949153
117,Cervix uteri (including cis),C53 D06,Female,2018,53.58259771,0.042354934,0,0,0.626086957,16.01957586,83.45988775,144.8589894,152.3596098,128.3292438,98.59920552,60.72631073,43.29331942,35.04940198,32.94044665,27.59963353,23.49869452,19.91753885,19.35342945,16.99346405,12.67217631,15
121,Bladder (including cis),C67 D090,Both,2016,33.7808135,0.080580177,0.037707391,0.072555777,0.049668874,0.292682927,0.406758448,0.854229815,1.539598473,3.345686638,5.860174513,12.31178034,23.43273691,41.39705882,64.8987933,93.93898488,112.6590038,137.9077398,152,137.3053487,117.7083333,98.48484848
121,Bladder (including cis),C67 D090,Both,2017,33.64244787,0.16293279,0.019040366,0.036812074,0.116744496,0.289017341,0.365659777,0.604526923,1.293923633,2.859260828,5.540283358,11.31682197,22.01001054,39.79238754,66.50876839,89.66318235,112.7744807,134.3850368,147.5699558,137.3106061,106.9478908,76.47058824
121,Bladder (including cis),C67 D090,Both,2018,34.19880895,0.061983471,0,0.018552876,0.067716269,0.268604835,0.208868895,0.735294118,1.169894709,2.969643643,5.410717981,10.75230236,21.50045746,40.11857708,65.66670225,88.7431694,112.5974026,135.0289882,153.2726238,132.5970149,122.3234624,79.71014493
121,Bladder (including cis),C67 D090,Male,2016,54.37781304,0.118110236,0.0368053,0.106269926,0.096680632,0.442897817,0.642594859,1.112316875,2.186057809,4.937017473,8.770806658,19.85887097,37.90901836,70.26623538,112.1078037,165.6621269,201.858864,262.3091603,317.9464286,335.4497354,317.6470588,244.4444444
121,Bladder (including cis),C67 D090,Male,2017,53.90965858,0.238758456,0.037174721,0.035958288,0.194868464,0.343213729,0.558832661,0.912610619,1.976976977,4.201505017,8.687460749,17.6384484,35.81616482,66.92667707,114.7113982,156.890849,203.4883721,250.6722299,299.5737425,318.705036,324.6376812,188.8888889
121,Bladder (including cis),C67 D090,Male,2018,54.99739973,0.080677693,0,0.036245016,0.098944591,0.428921569,0.250391236,0.849377123,1.666666667,4.469516164,8.109768585,17.34475375,34.59020686,67.86858974,112.8669168,155.5440682,201.7741935,255.6061987,315.755102,307.3170732,335.5263158,233.3333333
121,Bladder (including cis),C67 D090,Female,2016,14.25875059,0.041254125,0.038654813,0.037174721,0,0.133824021,0.160051216,0.587905935,0.874562719,1.711185309,2.893191212,4.701397713,9.059693608,13.37841101,20.64479638,31.38741471,41.07734807,53.38735818,65.75406032,69.15377616,74.6835443,75.43859649
121,Bladder (including cis),C67 D090,Female,2017,14.4332908,0.08343763,0,0.037707391,0.034281796,0.231558055,0.162919518,0.285959394,0.591715976,1.481004507,2.328562273,4.929751048,8.276405675,13.41925701,21.354675,30.47803931,39.57104558,54.4005102,67.32673267,72.49357326,61.9760479,59.3220339
121,Bladder (including cis),C67 D090,Female,2018,14.48290737,0.042354934,0,0,0.034782609,0.097879282,0.165070981,0.616921269,0.659108885,1.427615436,2.655237299,4.088504089,8.455114823,13.10452418,21.4433416,29.54649565,40.41775457,51.12591183,66.31716907,68.21895425,77.68595041,56.66666667
167,Colon/rectum (including cis),C18-C20 D010-D012,Both,2016,158.7026226,0,0,0.12697261,0.413907285,1.203252033,3.05068836,7.21961973,18.32738022,34.94955734,58.83873748,107.6679742,167.7799867,255.4411765,339.0132347,432.7078834,476.8888889,497.4908319,483.480916,455.7210562,431.5104167,384.8484848
167,Colon/rectum (including cis),C18-C20 D010-D012,Both,2017,154.0479535,0.020366599,0.076161462,0.092030186,0.4503002,1.107899807,3.147853736,7.198088008,17.16351643,33.38981256,57.31655741,101.0544385,157.4420443,240.7920031,330.4978835,404.4521874,462.9080119,482.7319101,462.7982327,439.6464646,417.1215881,323.5294118
167,Colon/rectum (including cis),C18-C20 D010-D012,Both,2018,153.3497307,0.041322314,0.077145612,0.25974026,0.474013882,1.090219624,2.554627249,7.554786621,17.08046276,32.95204575,54.38650941,96.30426982,154.8032937,230.0395257,325.1094267,400.2550091,457.3304473,480.4189265,460.1878201,426.3283582,423.0068337,305.7971014
167,Colon/rectum (including cis),C18-C20 D010-D012,Male,2016,189.9653531,0,0,0.141693234,0.386722527,1.233786776,3.243574051,7.677699403,19.57736216,37.56603007,66.55996586,127.0917339,210.481511,336.277681,456.2550282,586.0909881,632.8399312,652.7671756,632.3214286,571.957672,558.8235294,466.6666667
167,Colon/rectum (including cis),C18-C20 D010-D012,Male,2017,185.4350823,0.039793076,0.074349442,0.071916577,0.422215005,1.154446178,3.415088482,7.35619469,17.36736737,36.62207358,67.76219385,120.5903879,197.7812995,321.398856,447.3640342,548.1532525,621.1295681,636.2076959,593.4356351,555.1558753,501.4492754,300
167,Colon/rectum (including cis),C18-C20 D010-D012,Male,2018,184.4341156,0,0.037664783,0.28996013,0.527704485,1.409313725,2.410015649,8.635334088,19.43589744,36.62399653,62.37968462,112.9193433,195.4700183,306.784188,439.5056279,542.1555958,613.1935484,632.3609845,590.2040816,535.0332594,510.5263158,422.2222222
167,Colon/rectum (including cis),C18-C20 D010-D012,Female,2016,129.0561174,0,0,0.111524164,0.442628533,1.170960187,2.848911652,6.746920493,17.01649175,32.26210351,50.94626931,88.08132147,125.38299,176.9862352,229.0723982,298.9385898,351.6574586,391.9611021,406.0788863,415.6505914,404.1139241,371.9298246
167,Colon/rectum (including cis),C18-C20 D010-D012,Female,2017,124.2917096,0,0.078064012,0.113122172,0.479945149,1.058551108,2.867383513,7.034601087,16.95394906,30.07083065,46.65669729,81.31624353,117.3147662,162.4462977,221.0228382,277.942247,335.1742627,377.1683673,393.6993699,398.3718937,399.7005988,327.1186441
167,Colon/rectum (including cis),C18-C20 D010-D012,Female,2018,123.8834712,0.084709869,0.118577075,0.228050171,0.417391304,0.75040783,2.707164081,6.433607521,14.6585816,29.17689048,46.22621785,79.50937951,114.2745303,155.3302132,217.9280397,274.5075584,331.1749347,374.6907707,390.6072521,386.2745098,404.6831956,288.3333333
